{"mean": {"jzstar": 0.29645940121935516, "jrstar": 1.0173842254092955, "jphistar": 0.13770904770391454, "vxstar": -6.0126215533661185, "vystar": -6.614355201280907, "vzstar": -5.084699731969695, "xstar": 0.001451861017789822, "ystar": -4.475972680002903e-05, "zstar": 0.0005612617785763529, "idstar": 154724.74633234082, "estar": 36617.900799762174, "snapstar": 199.88257746204687, "massstar": 61633020042.96016, "timestar": 6.650523081721183, "redshiftstar": 1.429311112267183, "cluster_id": 1.386766109137793, "rstar": 0.015860794999438408, "phistar": -0.3808197912475048, "vrstar": -1.1760589872228693, "vphistar": 6.153592762854784, "vstar": 111.92544038983498, "kestar": 8265.49674573439, "lxstar": -0.024649952350610155, "lystar": -0.1011802059710492, "lzstar": 0.13770904770391454}, "std": {"jzstar": 0.3404272119811689, "jrstar": 1.2608722607556782, "jphistar": 0.6603972063049953, "vxstar": 76.37776786844645, "vystar": 83.0031605318869, "vzstar": 60.84529500777604, "xstar": 0.015374866787937579, "ystar": 0.01806702498244806, "zstar": 0.010964359126380432, "idstar": 39046.94692408058, "estar": 18837.589932411836, "snapstar": 77.92149254590335, "massstar": 3175160531.730383, "timestar": 4.748083862594054, "redshiftstar": 1.0654879417512604, "cluster_id": 0.48700932841189576, "rstar": 0.017701666766074285, "phistar": 1.6850001254013312, "vrstar": 95.7654556987335, "vphistar": 59.93927820471834, "vstar": 63.274712840204074, "kestar": 9088.34285206658, "lxstar": 0.5837949221506226, "lystar": 0.5727575401096436, "lzstar": 0.6603972063049953}}