{"2": {"IoU_TP": 0.025, "IoU_T": 40.825, "IoU_P": 2.0, "IoU_precision": 0.0125, "IoU_recall": 0.0005952380952380952, "IoU_F1": 0.0011363636363636363, "Mode_TP": 0.475, "Mode_T": 40.825, "Mode_P": 2.0, "Mode_precision": 0.2375, "Mode_recall": 0.016189497561580075, "Mode_F1": 0.030105826348194413, "Mode_TP_C": 66.375, "Mode_recall_C": 0.04215634496779301, "Purity": 0.16233878283244046, "AMI": 0.03236426862949594, "ARand": 0.005956476564833057, "ModeProb_TP": 1.35, "ModeProb_T": 40.825, "ModeProb_P": 2.0, "ModeProb_precision": 0.675, "ModeProb_recall": 0.03707944312369529, "ModeProb_F1": 0.06975752895386692}, "3": {"IoU_TP": 0.025, "IoU_T": 40.55, "IoU_P": 3.0, "IoU_precision": 0.008333333333333333, "IoU_recall": 0.0005681818181818182, "IoU_F1": 0.0010638297872340428, "Mode_TP": 0.8, "Mode_T": 40.55, "Mode_P": 3.0, "Mode_precision": 0.26666666666666666, "Mode_recall": 0.02505834622755243, "Mode_F1": 0.04540813410559764, "Mode_TP_C": 76.125, "Mode_recall_C": 0.04739661680819975, "Purity": 0.16542905242711933, "AMI": 0.058857774616784916, "ARand": 0.01342626296077617, "ModeProb_TP": 1.55, "ModeProb_T": 40.55, "ModeProb_P": 3.0, "ModeProb_precision": 0.5166666666666665, "ModeProb_recall": 0.039616987324614446, "ModeProb_F1": 0.07270363875324594}, "4": {"IoU_TP": 0.0, "IoU_T": 40.225, "IoU_P": 4.0, "IoU_precision": 0.0, "IoU_recall": 0.0, "IoU_F1": 0.0, "Mode_TP": 0.925, "Mode_T": 40.225, "Mode_P": 4.0, "Mode_precision": 0.23125, "Mode_recall": 0.025324998038896717, "Mode_F1": 0.04526689331911413, "Mode_TP_C": 86.3, "Mode_recall_C": 0.04727325439264131, "Purity": 0.18186940658575743, "AMI": 0.08240787002489879, "ARand": 0.02351027079774316, "ModeProb_TP": 1.425, "ModeProb_T": 40.225, "ModeProb_P": 4.0, "ModeProb_precision": 0.35625, "ModeProb_recall": 0.03913095518202784, "ModeProb_F1": 0.0692974602977743}, "5": {"IoU_TP": 0.1, "IoU_T": 40.375, "IoU_P": 5.0, "IoU_precision": 0.02, "IoU_recall": 0.0024821384577482135, "IoU_F1": 0.004413833401865518, "Mode_TP": 1.375, "Mode_T": 40.375, "Mode_P": 5.0, "Mode_precision": 0.275, "Mode_recall": 0.03617815936811699, "Mode_F1": 0.06326020733559619, "Mode_TP_C": 104.45, "Mode_recall_C": 0.05637956243406694, "Purity": 0.18499041320794352, "AMI": 0.09745033615903674, "ARand": 0.02974282973735095, "ModeProb_TP": 1.6, "ModeProb_T": 40.375, "ModeProb_P": 5.0, "ModeProb_precision": 0.31999999999999995, "ModeProb_recall": 0.04389384482777607, "ModeProb_F1": 0.07589697325590145}, "6": {"IoU_TP": 0.075, "IoU_T": 40.825, "IoU_P": 6.0, "IoU_precision": 0.0125, "IoU_recall": 0.001778115501519757, "IoU_F1": 0.0031063046479521397, "Mode_TP": 1.5, "Mode_T": 40.825, "Mode_P": 6.0, "Mode_precision": 0.24999999999999994, "Mode_recall": 0.04007053648832253, "Mode_F1": 0.06790130507117885, "Mode_TP_C": 116.05, "Mode_recall_C": 0.06335722951161894, "Purity": 0.19465353124428408, "AMI": 0.11114110285429253, "ARand": 0.038445068605840835, "ModeProb_TP": 1.725, "ModeProb_T": 40.825, "ModeProb_P": 6.0, "ModeProb_precision": 0.2875, "ModeProb_recall": 0.045578606368645594, "ModeProb_F1": 0.07700949250290026}, "8": {"IoU_TP": 0.075, "IoU_T": 40.95, "IoU_P": 8.0, "IoU_precision": 0.009375, "IoU_recall": 0.0017045454545454545, "IoU_F1": 0.0028846153846153848, "Mode_TP": 2.125, "Mode_T": 40.95, "Mode_P": 8.0, "Mode_precision": 0.265625, "Mode_recall": 0.05292217271535441, "Mode_F1": 0.0867662880929759, "Mode_TP_C": 136.15, "Mode_recall_C": 0.0721456847315837, "Purity": 0.20580059275488596, "AMI": 0.1368416977265779, "ARand": 0.04960857833263437, "ModeProb_TP": 2.125, "ModeProb_T": 40.95, "ModeProb_P": 8.0, "ModeProb_precision": 0.265625, "ModeProb_recall": 0.054040062749128016, "ModeProb_F1": 0.08780442392507082}, "10": {"IoU_TP": 0.05, "IoU_T": 40.55, "IoU_P": 10.0, "IoU_precision": 0.005, "IoU_recall": 0.0011000967117988393, "IoU_F1": 0.0018031189083820662, "Mode_TP": 2.75, "Mode_T": 40.55, "Mode_P": 10.0, "Mode_precision": 0.275, "Mode_recall": 0.06738332282929319, "Mode_F1": 0.106190312522305, "Mode_TP_C": 152.025, "Mode_recall_C": 0.07814083534668083, "Purity": 0.21358428340699445, "AMI": 0.14622837455677365, "ARand": 0.059583610424159314, "ModeProb_TP": 2.1, "ModeProb_T": 40.55, "ModeProb_P": 10.0, "ModeProb_precision": 0.20999999999999988, "ModeProb_recall": 0.05309972176511925, "ModeProb_F1": 0.08274891204829726}, "15": {"IoU_TP": 0.075, "IoU_T": 40.85, "IoU_P": 15.0, "IoU_precision": 0.005, "IoU_recall": 0.0016253810975609758, "IoU_F1": 0.0024348594443531152, "Mode_TP": 3.75, "Mode_T": 40.85, "Mode_P": 15.0, "Mode_precision": 0.2500000000000001, "Mode_recall": 0.09704551063253683, "Mode_F1": 0.1355880283035752, "Mode_TP_C": 139.25, "Mode_recall_C": 0.07409598205693865, "Purity": 0.22519583652773806, "AMI": 0.14816797993421504, "ARand": 0.053553653142757986, "ModeProb_TP": 2.475, "ModeProb_T": 40.85, "ModeProb_P": 15.0, "ModeProb_precision": 0.1650000000000001, "ModeProb_recall": 0.06487093221534695, "ModeProb_F1": 0.08992477420435101}, "20": {"IoU_TP": 0.3, "IoU_T": 40.475, "IoU_P": 20.0, "IoU_precision": 0.015000000000000003, "IoU_recall": 0.006774621775359925, "IoU_F1": 0.00929177304696558, "Mode_TP": 5.075, "Mode_T": 40.475, "Mode_P": 20.0, "Mode_precision": 0.25375000000000003, "Mode_recall": 0.1295757995639979, "Mode_F1": 0.1662985748319793, "Mode_TP_C": 155.35, "Mode_recall_C": 0.08188458927036807, "Purity": 0.23736836914461082, "AMI": 0.1531217481159662, "ARand": 0.05365914811809536, "ModeProb_TP": 3.9, "ModeProb_T": 40.475, "ModeProb_P": 20.0, "ModeProb_precision": 0.19499999999999992, "ModeProb_recall": 0.09635473732114114, "ModeProb_F1": 0.1255016704871916}, "30": {"IoU_TP": 0.775, "IoU_T": 40.2, "IoU_P": 30.0, "IoU_precision": 0.02583333333333333, "IoU_recall": 0.017202105360423933, "IoU_F1": 0.02028762834658871, "Mode_TP": 8.525, "Mode_T": 40.2, "Mode_P": 30.0, "Mode_precision": 0.2841666666666668, "Mode_recall": 0.21892676203945388, "Mode_F1": 0.2387570345817825, "Mode_TP_C": 187.325, "Mode_recall_C": 0.09925192708524463, "Purity": 0.264654212720587, "AMI": 0.15687341876948777, "ARand": 0.05523234907044324, "ModeProb_TP": 3.7, "ModeProb_T": 40.2, "ModeProb_P": 30.0, "ModeProb_precision": 0.12333333333333332, "ModeProb_recall": 0.09140538699520806, "ModeProb_F1": 0.10163067733084534}, "40": {"IoU_TP": 0.9, "IoU_T": 40.75, "IoU_P": 40.0, "IoU_precision": 0.022500000000000003, "IoU_recall": 0.020132377034476276, "IoU_F1": 0.020818926362062083, "Mode_TP": 10.15, "Mode_T": 40.75, "Mode_P": 40.0, "Mode_precision": 0.25375000000000003, "Mode_recall": 0.25293901348095915, "Mode_F1": 0.2449860013664671, "Mode_TP_C": 177.95, "Mode_recall_C": 0.09335717242329851, "Purity": 0.27053721737252756, "AMI": 0.1545913718355492, "ARand": 0.04943082453807305, "ModeProb_TP": 4.4, "ModeProb_T": 40.75, "ModeProb_P": 40.0, "ModeProb_precision": 0.10999999999999995, "ModeProb_recall": 0.10909125983962298, "ModeProb_F1": 0.1056190881461819}, "60": {"IoU_TP": 1.4, "IoU_T": 40.1, "IoU_P": 60.0, "IoU_precision": 0.02333333333333334, "IoU_recall": 0.028490264377399183, "IoU_F1": 0.0254436878336984, "Mode_TP": 13.575, "Mode_T": 40.1, "Mode_P": 60.0, "Mode_precision": 0.22625, "Mode_recall": 0.3448164772988823, "Mode_F1": 0.2647640767577288, "Mode_TP_C": 190.375, "Mode_recall_C": 0.09972253310419017, "Purity": 0.29652203159723184, "AMI": 0.15129364800577189, "ARand": 0.048854805493832934, "ModeProb_TP": 5.25, "ModeProb_T": 40.1, "ModeProb_P": 60.0, "ModeProb_precision": 0.08749999999999998, "ModeProb_recall": 0.12618447461855056, "ModeProb_F1": 0.10043175845186206}, "80": {"IoU_TP": 1.65, "IoU_T": 40.975, "IoU_P": 80.0, "IoU_precision": 0.020624999999999994, "IoU_recall": 0.038574702124409596, "IoU_F1": 0.026227116387335436, "Mode_TP": 16.85, "Mode_T": 40.975, "Mode_P": 80.0, "Mode_precision": 0.210625, "Mode_recall": 0.42252562491823864, "Mode_F1": 0.2738796768510119, "Mode_TP_C": 195.175, "Mode_recall_C": 0.10450288629036111, "Purity": 0.31458908127231644, "AMI": 0.15458332955306903, "ARand": 0.04673827593241819, "ModeProb_TP": 6.175,