{"2": {"IoU_TP": 0.0, "IoU_T": 40.0, "IoU_P": 2.0, "IoU_precision": 0.0, "IoU_recall": 0.0, "IoU_F1": 0.0, "Mode_TP": 0.35, "Mode_T": 40.0, "Mode_P": 2.0, "Mode_precision": 0.175, "Mode_recall": 0.010799365729021201, "Mode_F1": 0.02027482277854018, "Mode_TP_C": 53.625, "Mode_recall_C": 0.030230639982979812, "Purity": 0.15767340047886666, "AMI": 0.0300303826574801, "ARand": 0.006419377146602187, "ModeProb_TP": 1.375, "ModeProb_T": 40.0, "ModeProb_P": 2.0, "ModeProb_precision": 0.6875, "ModeProb_recall": 0.03967578381557141, "ModeProb_F1": 0.07449250774497021}, "3": {"IoU_TP": 0.0, "IoU_T": 40.825, "IoU_P": 3.0, "IoU_precision": 0.0, "IoU_recall": 0.0, "IoU_F1": 0.0, "Mode_TP": 0.875, "Mode_T": 40.825, "Mode_P": 3.0, "Mode_precision": 0.2916666666666668, "Mode_recall": 0.024172355583718462, "Mode_F1": 0.04434088751004138, "Mode_TP_C": 83.875, "Mode_recall_C": 0.04740686466504282, "Purity": 0.16410378327174796, "AMI": 0.0538448309257306, "ARand": 0.01308217225135539, "ModeProb_TP": 1.375, "ModeProb_T": 40.825, "ModeProb_P": 3.0, "ModeProb_precision": 0.4583333333333332, "ModeProb_recall": 0.03672386855028092, "ModeProb_F1": 0.06730804477927496}, "4": {"IoU_TP": 0.05, "IoU_T": 40.425, "IoU_P": 4.0, "IoU_precision": 0.0125, "IoU_recall": 0.0011634199134199134, "IoU_F1": 0.0021286231884057967, "Mode_TP": 1.05, "Mode_T": 40.425, "Mode_P": 4.0, "Mode_precision": 0.2625, "Mode_recall": 0.027664856189790248, "Mode_F1": 0.04959015766276949, "Mode_TP_C": 82.225, "Mode_recall_C": 0.04560660255129595, "Purity": 0.1685696502136953, "AMI": 0.07020491783031954, "ARand": 0.01830925832460851, "ModeProb_TP": 1.475, "ModeProb_T": 40.425, "ModeProb_P": 4.0, "ModeProb_precision": 0.36875, "ModeProb_recall": 0.03981488732148368, "ModeProb_F1": 0.07082206793837927}, "5": {"IoU_TP": 0.075, "IoU_T": 39.75, "IoU_P": 5.0, "IoU_precision": 0.015000000000000003, "IoU_recall": 0.002095959595959596, "IoU_F1": 0.003668491786958686, "Mode_TP": 1.425, "Mode_T": 39.75, "Mode_P": 5.0, "Mode_precision": 0.285, "Mode_recall": 0.03886738626517763, "Mode_F1": 0.06767060684677483, "Mode_TP_C": 107.075, "Mode_recall_C": 0.0580866742498516, "Purity": 0.18295265079853865, "AMI": 0.08334043214417199, "ARand": 0.024390322904610313, "ModeProb_TP": 1.6, "ModeProb_T": 39.75, "ModeProb_P": 5.0, "ModeProb_precision": 0.31999999999999984, "ModeProb_recall": 0.044616477591809575, "ModeProb_F1": 0.07712017074850117}, "7": {"IoU_TP": 0.075, "IoU_T": 40.45, "IoU_P": 7.0, "IoU_precision": 0.010714285714285714, "IoU_recall": 0.0020736606241673057, "IoU_F1": 0.003461227594732088, "Mode_TP": 2.0, "Mode_T": 40.45, "Mode_P": 7.0, "Mode_precision": 0.2857142857142858, "Mode_recall": 0.05589935322198066, "Mode_F1": 0.09152663753626575, "Mode_TP_C": 112.2, "Mode_recall_C": 0.06308586333992947, "Purity": 0.18656313558774476, "AMI": 0.0982903166596624, "ARand": 0.03087715865473379, "ModeProb_TP": 2.1, "ModeProb_T": 40.45, "ModeProb_P": 7.0, "ModeProb_precision": 0.30000000000000004, "ModeProb_recall": 0.05607486768794127, "ModeProb_F1": 0.09206906025151923}, "10": {"IoU_TP": 0.1, "IoU_T": 40.75, "IoU_P": 10.0, "IoU_precision": 0.01, "IoU_recall": 0.002457724567099567, "IoU_F1": 0.003911115945999667, "Mode_TP": 2.625, "Mode_T": 40.75, "Mode_P": 10.0, "Mode_precision": 0.2625, "Mode_recall": 0.0651047856075634, "Mode_F1": 0.10217628117377386, "Mode_TP_C": 129.65, "Mode_recall_C": 0.06781407666529157, "Purity": 0.20451337178579282, "AMI": 0.11778452913800615, "ARand": 0.03988589481979781, "ModeProb_TP": 2.3, "ModeProb_T": 40.75, "ModeProb_P": 10.0, "ModeProb_precision": 0.22999999999999993, "ModeProb_recall": 0.058739597916165245, "ModeProb_F1": 0.0909631748028475}, "20": {"IoU_TP": 0.3, "IoU_T": 40.2, "IoU_P": 20.0, "IoU_precision": 0.015, "IoU_recall": 0.006383389858895005, "IoU_F1": 0.008914164964715067, "Mode_TP": 5.025, "Mode_T": 40.2, "Mode_P": 20.0, "Mode_precision": 0.2512500000000001, "Mode_recall": 0.12449117950002535, "Mode_F1": 0.16204401861925177, "Mode_TP_C": 169.2, "Mode_recall_C": 0.08764426178726148, "Purity": 0.23955547987605338, "AMI": 0.14507856431458369, "ARand": 0.05553374648026399, "ModeProb_TP": 3.075, "ModeProb_T": 40.2, "ModeProb_P": 20.0, "ModeProb_precision": 0.15375, "ModeProb_recall": 0.076849331569097, "ModeProb_F1": 0.09953164447577145}, "40": {"IoU_TP": 1.15, "IoU_T": 40.525, "IoU_P": 40.0, "IoU_precision": 0.028749999999999998, "IoU_recall": 0.024770769604518295, "IoU_F1": 0.0259134527153274, "Mode_TP": 10.3, "Mode_T": 40.525, "Mode_P": 40.0, "Mode_precision": 0.25749999999999995, "Mode_recall": 0.2616631262965555, "Mode_F1": 0.25164709939569024, "Mode_TP_C": 198.675, "Mode_recall_C": 0.10501004442697696, "Purity": 0.27591806662968477, "AMI": 0.1576697851329476, "ARand": 0.0555816787045013, "ModeProb_TP": 4.525, "ModeProb_T": 40.525, "ModeProb_P": 40.0, "ModeProb_precision": 0.11312499999999999, "ModeProb_recall": 0.10965566140127554, "ModeProb_F1": 0.10798344906692323}, "60": {"IoU_TP": 1.75, "IoU_T": 40.65, "IoU_P": 60.0, "IoU_precision": 0.029166666666666674, "IoU_recall": 0.03812083801247736, "IoU_F1": 0.032464101538008765, "Mode_TP": 14.325, "Mode_T": 40.65, "Mode_P": 60.0, "Mode_precision": 0.23874999999999996, "Mode_recall": 0.36415542984700594, "Mode_F1": 0.2790053065455983, "Mode_TP_C": 213.025, "Mode_recall_C": 0.11216156105422756, "Purity": 0.3078616998250012, "AMI": 0.16187189243571617, "ARand": 0.053270922607869364, "ModeProb_TP": 5.95, "ModeProb_T": 40.65, "ModeProb_P": 60.0, "ModeProb_precision": 0.09916666666666663, "ModeProb_recall": 0.1429428613013363, "ModeProb_F1": 0.11371499793505854}, "80": {"IoU_TP": 1.825, "IoU_T": 40.25, "IoU_P": 80.0, "IoU_precision": 0.022812499999999993, "IoU_recall": 0.040803573974815356, "IoU_F1": 0.028788772709656525, "Mode_TP": 15.525, "Mode_T": 40.25, "Mode_P": 80.0, "Mode_precision": 0.19406250000000003, "Mode_recall": 0.3877300847752965, "Mode_F1": 0.25240127292585157, "Mode_TP_C": 202.35, "Mode_recall_C": 0.1057041280530782, "Purity": 0.3246086684816731, "AMI": 0.15994889380073676, "ARand": 0.04911567572421936, "ModeProb_TP": 6.3, "ModeProb_T": 40.25, "ModeProb_P": 80.0, "ModeProb_precision": 0.07875, "ModeProb_recall": 0.15174502094847658, "ModeProb_F1": 0.10138456886678952}, "120": {"IoU_TP": 2.375, "IoU_T": 41.05, "IoU_P": 120.0, "IoU_precision": 0.019791666666666666, "IoU_recall": 0.05332620664043519, "IoU_F1": 0.028420281755372444, "Mode_TP": 20.45, "Mode_T": 41.05, "Mode_P": 120.0, "Mode_precision": 0.1704166666666666, "Mode_recall": 0.5033286389774478, "Mode_F1": 0.2495881297348689, "Mode_TP_C": 205.025, "Mode_recall_C": 0.10611379161673078, "Purity": 0.3560366647106902, "AMI": 0.15747946272557548, "ARand": 0.04310744334426006, "ModeProb_TP": 8.25, "ModeProb_T": 41.05, "ModeProb_P": 120.0, "ModeProb_precision": 0.06874999999999998, "ModeProb_recall": 0.2003264788818246, "ModeProb_F1": 0.10037933550220172}, "160": {"IoU_TP": 3.05, "IoU_T": 40.775, "IoU_P": 160.0, "IoU_precision": 0.019062499999999996, "IoU_recall": 0.06469368394480325, "IoU_F1": 0.0291404301351277, "Mode_TP": 22.85, "Mode_T": 40.775, "Mode_P": 160.0, "Mode_precision": 0.14281249999999998, "Mode_recall": 0.5667835961205231, "Mode_F1": 0.22413916687210125, "Mode_TP_C": 200.975, "Mode_recall_C": 0.1046414216912032, "Purity": 0.38512331793374793, "AMI": 0.15643604456677207, "ARand": 0.04010863589555799, "ModeProb_TP": 8.125, "ModeProb_T": 40.775, "ModeProb_P": 160.0, "ModeProb_precision": 0.05078125, "ModeProb_recall": 0.1984627348784716, "ModeProb_F1": 0.0794322519961099}, "200": {"IoU_TP": 2.725, "IoU_T": 40.275, "IoU_P": 200.0, "IoU_precision": 0.013625000000000007, "IoU_recall": 0.05939276163425159, "IoU_F1": 0.021864297499226804, "Mode_TP": 24.475, "Mode_T": 40.275, "Mode_P": 200.0, "Mode_precision": 0.12237500000000004, "Mode_recall": 0.6171484423941098, "Mode_F1": 0.200366991900711, "Mode_TP_C": 193.125, "Mode_recall_C": 0.10191518462341886, "Purity": 0.4140079196857515, "AMI": 0.15296115332959767, "ARand": 0.03925263826773339, "ModeProb_TP": 8.6,