{"2": {"IoU_TP": 0.725, "IoU_T": 40.25, "IoU_P": 220.55, "IoU_precision": 0.0027394262625965514, "IoU_recall": 0.014603045989272406, "IoU_F1": 0.004599563850926272, "Mode_TP": 2.925, "Mode_T": 40.25, "Mode_P": 220.55, "Mode_precision": 0.011349212233412067, "Mode_recall": 0.06428990100499882, "Mode_F1": 0.019212631788105772, "Mode_TP_C": 58.375, "Mode_recall_C": 0.029867118558156148, "Purity": 0.3558283248856705, "AMI": 0.0989942729028259, "ARand": 0.007773833063720427, "ModeProb_TP": 8.425, "ModeProb_T": 40.25, "ModeProb_P": 220.55, "ModeProb_precision": 0.03804026974919396, "ModeProb_recall": 0.20502545084422602, "ModeProb_F1": 0.06397810856828767}, "3": {"IoU_TP": 1.75, "IoU_T": 39.65, "IoU_P": 94.675, "IoU_precision": 0.01662087757291885, "IoU_recall": 0.038631323577372985, "IoU_F1": 0.02307228329298659, "Mode_TP": 3.2, "Mode_T": 39.65, "Mode_P": 94.675, "Mode_precision": 0.0325760300984657, "Mode_recall": 0.07705091093132208, "Mode_F1": 0.04546411209784799, "Mode_TP_C": 73.0, "Mode_recall_C": 0.0385425955082647, "Purity": 0.29262310398058294, "AMI": 0.11482467804206757, "ARand": 0.010127130189672989, "ModeProb_TP": 7.75, "ModeProb_T": 39.65, "ModeProb_P": 94.675, "ModeProb_precision": 0.0828061291719406, "ModeProb_recall": 0.19326140771365666, "ModeProb_F1": 0.11517735712160324}, "4": {"IoU_TP": 3.025, "IoU_T": 40.275, "IoU_P": 55.575, "IoU_precision": 0.04860706149004011, "IoU_recall": 0.0672768070634753, "IoU_F1": 0.05583380622295919, "Mode_TP": 4.675, "Mode_T": 40.275, "Mode_P": 55.575, "Mode_precision": 0.07492332652824236, "Mode_recall": 0.10488074844059651, "Mode_F1": 0.08655775602002537, "Mode_TP_C": 105.575, "Mode_recall_C": 0.05546329229157657, "Purity": 0.27095291840572805, "AMI": 0.12363531241484993, "ARand": 0.012502097642871458, "ModeProb_TP": 7.975, "ModeProb_T": 40.275, "ModeProb_P": 55.575, "ModeProb_precision": 0.13966514588729098, "ModeProb_recall": 0.18756743161568573, "ModeProb_F1": 0.15862013940347647}, "5": {"IoU_TP": 2.725, "IoU_T": 40.825, "IoU_P": 36.925, "IoU_precision": 0.06512647938062455, "IoU_recall": 0.057278094298416925, "IoU_F1": 0.0601349605745219, "Mode_TP": 4.15, "Mode_T": 40.825, "Mode_P": 36.925, "Mode_precision": 0.09889945032490849, "Mode_recall": 0.08981109963332376, "Mode_F1": 0.09291874480336655, "Mode_TP_C": 98.075, "Mode_recall_C": 0.050547622717258565, "Purity": 0.25137062610705285, "AMI": 0.11647298773660597, "ARand": 0.01058491230301846, "ModeProb_TP": 7.1, "ModeProb_T": 40.825, "ModeProb_P": 36.925, "ModeProb_precision": 0.19420001749568122, "ModeProb_recall": 0.16719694960246484, "ModeProb_F1": 0.17723246943772603}, "6": {"IoU_TP": 3.2, "IoU_T": 40.15, "IoU_P": 27.025, "IoU_precision": 0.10556141542266931, "IoU_recall": 0.0692675471649317, "IoU_F1": 0.08221537527105356, "Mode_TP": 4.575, "Mode_T": 40.15, "Mode_P": 27.025, "Mode_precision": 0.15145156252064146, "Mode_recall": 0.10148299552388043, "Mode_F1": 0.11960732206025577, "Mode_TP_C": 121.325, "Mode_recall_C": 0.061195359244687705, "Purity": 0.2475297389814793, "AMI": 0.12441027469951645, "ARand": 0.01096264167972646, "ModeProb_TP": 7.075, "ModeProb_T": 40.15, "ModeProb_P": 27.025, "ModeProb_precision": 0.2560588816928383, "ModeProb_recall": 0.1624589294981587, "ModeProb_F1": 0.19519716542807553}, "7": {"IoU_TP": 2.725, "IoU_T": 39.725, "IoU_P": 19.525, "IoU_precision": 0.13054571002077398, "IoU_recall": 0.06136046551979548, "IoU_F1": 0.08217142099240514, "Mode_TP": 3.7, "Mode_T": 39.725, "Mode_P": 19.525, "Mode_precision": 0.1761239628870703, "Mode_recall": 0.087051200245239, "Mode_F1": 0.11475382713910462, "Mode_TP_C": 114.875, "Mode_recall_C": 0.060015592185694966, "Purity": 0.23751127744127093, "AMI": 0.11759233508403104, "ARand": 0.01044486526941362, "ModeProb_TP": 5.8, "ModeProb_T": 39.725, "ModeProb_P": 19.525, "ModeProb_precision": 0.29945169608500805, "ModeProb_recall": 0.1377482928412504, "ModeProb_F1": 0.18531279475419504}, "8": {"IoU_TP": 3.6, "IoU_T": 41.775, "IoU_P": 16.825, "IoU_precision": 0.18989078303457144, "IoU_recall": 0.0751943062683148, "IoU_F1": 0.10539904296693263, "Mode_TP": 4.7, "Mode_T": 41.775, "Mode_P": 16.825, "Mode_precision": 0.24459273195711856, "Mode_recall": 0.09988602144687524, "Mode_F1": 0.13877995541583094, "Mode_TP_C": 124.55, "Mode_recall_C": 0.06205354389372682, "Purity": 0.23174114579853794, "AMI": 0.11977862762252864, "ARand": 0.010634264475692917, "ModeProb_TP": 6.25, "ModeProb_T": 41.775, "ModeProb_P": 16.825, "ModeProb_precision": 0.3840859726104556, "ModeProb_recall": 0.1396640012271886, "ModeProb_F1": 0.19719360371359454}, "9": {"IoU_TP": 2.05, "IoU_T": 40.15, "IoU_P": 13.05, "IoU_precision": 0.14669919857068192, "IoU_recall": 0.04521018971246309, "IoU_F1": 0.06769875304237953, "Mode_TP": 3.075, "Mode_T": 40.15, "Mode_P": 13.05, "Mode_precision": 0.22622661146398357, "Mode_recall": 0.07110623990189632, "Mode_F1": 0.10587300661876246, "Mode_TP_C": 114.1, "Mode_recall_C": 0.05950919959893802, "Purity": 0.22221830171546997, "AMI": 0.10468743301065146, "ARand": 0.008755526723594639, "ModeProb_TP": 4.725, "ModeProb_T": 40.15, "ModeProb_P": 13.05, "ModeProb_precision": 0.3824960943255381, "ModeProb_recall": 0.11037859422390413, "ModeProb_F1": 0.1661104490364969}, "10": {"IoU_TP": 1.925, "IoU_T": 39.15, "IoU_P": 11.3, "IoU_precision": 0.15329165083712296, "IoU_recall": 0.04085640485828125, "IoU_F1": 0.06367116209670495, "Mode_TP": 2.875, "Mode_T": 39.15, "Mode_P": 11.3, "Mode_precision": 0.2263782476553374, "Mode_recall": 0.06432295519009062, "Mode_F1": 0.09873564132411211, "Mode_TP_C": 116.35, "Mode_recall_C": 0.0601165562103226, "Purity": 0.22296898434451856, "AMI": 0.1075581412671138, "ARand": 0.010973316872681993, "ModeProb_TP": 4.025, "ModeProb_T": 39.15, "ModeProb_P": 11.3, "ModeProb_precision": 0.38622096814434276, "ModeProb_recall": 0.09533734739102835, "ModeProb_F1": 0.14806445645337246}, "11": {"IoU_TP": 2.075, "IoU_T": 40.4, "IoU_P": 10.35, "IoU_precision": 0.164987173559155, "IoU_recall": 0.04252846260394055, "IoU_F1": 0.06714528734094277, "Mode_TP": 3.15, "Mode_T": 40.4, "Mode_P": 10.35, "Mode_precision": 0.26209303950693263, "Mode_recall": 0.06899664870940458, "Mode_F1": 0.10826649974989488, "Mode_TP_C": 123.0, "Mode_recall_C": 0.06214413243313616, "Purity": 0.21912720605088348, "AMI": 0.10497252830596501, "ARand": 0.010378357823621513, "ModeProb_TP": 3.95, "ModeProb_T": 40.4, "ModeProb_P": 10.35, "ModeProb_precision": 0.40640511524509204, "ModeProb_recall": 0.09221580018758535, "ModeProb_F1": 0.14679258138282397}, "12": {"IoU_TP": 2.325, "IoU_T": 40.525, "IoU_P": 8.975, "IoU_precision": 0.22826544982794986, "IoU_recall": 0.05026128434338799, "IoU_F1": 0.08154431534595855, "Mode_TP": 3.175, "Mode_T": 40.525, "Mode_P": 8.975, "Mode_precision": 0.314558947996448, "Mode_recall": 0.07238581111330675, "Mode_F1": 0.11639533257594403, "Mode_TP_C": 135.55, "Mode_recall_C": 0.06934970351457127, "Purity": 0.2200459862976834, "AMI": 0.10991245628822444, "ARand": 0.009254732607333688, "ModeProb_TP": 4.075, "ModeProb_T": 40.525, "ModeProb_P": 8.975, "ModeProb_precision": 0.47271246114996135, "ModeProb_recall": 0.09322429876350138, "ModeProb_F1": 0.1519376552639699}, "13": {"IoU_TP": 1.425, "IoU_T": 39.825, "IoU_P": 8.025, "IoU_precision": 0.15584401709401707, "IoU_recall": 0.029687414954643256, "IoU_F1": 0.04954431718977005, "Mode_TP": 2.375, "Mode_T": 39.825, "Mode_P": 8.025, "Mode_precision": 0.2574574037074037, "Mode_recall": 0.05334308572363032, "Mode_F1": 0.0876803547829074, "Mode_TP_C": 131.025, "Mode_recall_C": 0.0658600148993063, "Purity": 0.2116459621317805, "AMI": 0.09602620247012322, "ARand": 0.009294463576598442, "ModeProb_TP": 3.175, "ModeProb_T": 39.825, "ModeProb_P": 8.025, "ModeProb_precision": 0.42700792263292264, "ModeProb_recall": 0.07490984522044404, "ModeProb_F1": 0.12469423869625015}, "14": {"IoU_TP": 1.65, "IoU_T": 40.525, "IoU_P": 6.675, "IoU_precision": 0.22361194361194361, "IoU_recall": 0.03746005435114384, "IoU_F1": 0.06344257884199515, "Mode_TP": 2.25, "Mode_T": 40.525,