{"2": {"IoU_TP": 1.95, "IoU_T": 40.425, "IoU_P": 167.875, "IoU_precision": 0.016088880578972738, "IoU_recall": 0.03998055548338199, "IoU_F1": 0.014176185075667782, "Mode_TP": 4.425, "Mode_T": 40.425, "Mode_P": 167.875, "Mode_precision": 0.06533390115258807, "Mode_recall": 0.09267688710483508, "Mode_F1": 0.03511225177621322, "Mode_TP_C": 102.15, "Mode_recall_C": 0.04991169386460155, "Purity": 0.3181317630325362, "AMI": 0.0961643731239796, "ARand": 0.013349707822313275, "ModeProb_TP": 7.675, "ModeProb_T": 40.425, "ModeProb_P": 167.875, "ModeProb_precision": 0.12178337804948061, "ModeProb_recall": 0.16694956261459587, "ModeProb_F1": 0.0738753623592324}, "3": {"IoU_TP": 1.525, "IoU_T": 39.775, "IoU_P": 40.425, "IoU_precision": 0.07105033141304463, "IoU_recall": 0.029054688232749752, "IoU_F1": 0.02316071519529967, "Mode_TP": 2.825, "Mode_T": 39.775, "Mode_P": 40.425, "Mode_precision": 0.15626999685112725, "Mode_recall": 0.05454564147218388, "Mode_F1": 0.04742391922239951, "Mode_TP_C": 124.75, "Mode_recall_C": 0.0625909571118228, "Purity": 0.21629050126468458, "AMI": 0.05998634471526833, "ARand": 0.007194151341655891, "ModeProb_TP": 4.75, "ModeProb_T": 39.775, "ModeProb_P": 40.425, "ModeProb_precision": 0.2810319861085082, "ModeProb_recall": 0.09778731701361783, "ModeProb_F1": 0.09010000672466491}, "4": {"IoU_TP": 1.125, "IoU_T": 41.15, "IoU_P": 12.825, "IoU_precision": 0.14477964469740787, "IoU_recall": 0.02266300789282493, "IoU_F1": 0.029559777119169774, "Mode_TP": 1.625, "Mode_T": 41.15, "Mode_P": 12.825, "Mode_precision": 0.223770071302966, "Mode_recall": 0.03368086482926992, "Mode_F1": 0.044685458620353787, "Mode_TP_C": 103.55, "Mode_recall_C": 0.05136103220278957, "Purity": 0.18976706202792065, "AMI": 0.046162219769153565, "ARand": 0.002197339832342686, "ModeProb_TP": 2.65, "ModeProb_T": 41.15, "ModeProb_P": 12.825, "ModeProb_precision": 0.35697281519649937, "ModeProb_recall": 0.06214287213610466, "ModeProb_F1": 0.08429415899424005}, "5": {"IoU_TP": 1.175, "IoU_T": 40.875, "IoU_P": 14.425, "IoU_precision": 0.11005839910552602, "IoU_recall": 0.023547818118703292, "IoU_F1": 0.029676715422604354, "Mode_TP": 2.025, "Mode_T": 40.875, "Mode_P": 14.425, "Mode_precision": 0.17773870638655456, "Mode_recall": 0.042827156659367385, "Mode_F1": 0.05356766969006321, "Mode_TP_C": 100.5, "Mode_recall_C": 0.049152798591820694, "Purity": 0.20091509781640632, "AMI": 0.07176545567186775, "ARand": 0.007341047561001858, "ModeProb_TP": 3.15, "ModeProb_T": 40.875, "ModeProb_P": 14.425, "ModeProb_precision": 0.32180107165981064, "ModeProb_recall": 0.07386012554885601, "ModeProb_F1": 0.09732345367738282}, "6": {"IoU_TP": 1.3, "IoU_T": 40.05, "IoU_P": 8.575, "IoU_precision": 0.1882430612155676, "IoU_recall": 0.02696222664481305, "IoU_F1": 0.041241005483955914, "Mode_TP": 1.875, "Mode_T": 40.05, "Mode_P": 8.575, "Mode_precision": 0.2581712786006264, "Mode_recall": 0.041691943187939305, "Mode_F1": 0.06216969178570579, "Mode_TP_C": 102.225, "Mode_recall_C": 0.05144014742804302, "Purity": 0.19511484569432397, "AMI": 0.06861643831136931, "ARand": 0.004379695089993138, "ModeProb_TP": 2.55, "ModeProb_T": 40.05, "ModeProb_P": 8.575, "ModeProb_precision": 0.38291819643130387, "ModeProb_recall": 0.06092633585594008, "ModeProb_F1": 0.09392779388792408}, "7": {"IoU_TP": 0.7, "IoU_T": 41.35, "IoU_P": 4.175, "IoU_precision": 0.18446969696969698, "IoU_recall": 0.014034630128055092, "IoU_F1": 0.025793164636169118, "Mode_TP": 1.2, "Mode_T": 41.35, "Mode_P": 4.175, "Mode_precision": 0.3042478354978355, "Mode_recall": 0.025699406911364804, "Mode_F1": 0.046206463793614885, "Mode_TP_C": 91.3, "Mode_recall_C": 0.04597352290009162, "Purity": 0.17079260981087624, "AMI": 0.042996730314738114, "ARand": 0.00242624483523854, "ModeProb_TP": 1.6, "ModeProb_T": 41.35, "ModeProb_P": 4.175, "ModeProb_precision": 0.40027056277056294, "ModeProb_recall": 0.03997191822587334, "ModeProb_F1": 0.07070138903403891}, "8": {"IoU_TP": 0.925, "IoU_T": 39.85, "IoU_P": 5.925, "IoU_precision": 0.17707998416758003, "IoU_recall": 0.020682969994518196, "IoU_F1": 0.03492856988435324, "Mode_TP": 1.35, "Mode_T": 39.85, "Mode_P": 5.925, "Mode_precision": 0.254093873056469, "Mode_recall": 0.0320978019869792, "Mode_F1": 0.0538261737419498, "Mode_TP_C": 81.375, "Mode_recall_C": 0.042845289993909894, "Purity": 0.19211174240114753, "AMI": 0.06730252154901115, "ARand": 0.006218057960828219, "ModeProb_TP": 1.925, "ModeProb_T": 39.85, "ModeProb_P": 5.925, "ModeProb_precision": 0.36184522540900427, "ModeProb_recall": 0.05053123582704794, "ModeProb_F1": 0.0838047771113811}, "9": {"IoU_TP": 1.175, "IoU_T": 40.175, "IoU_P": 6.375, "IoU_precision": 0.1771639836771416, "IoU_recall": 0.024704134612466715, "IoU_F1": 0.04072834051387901, "Mode_TP": 1.85, "Mode_T": 40.175, "Mode_P": 6.375, "Mode_precision": 0.2907343679712101, "Mode_recall": 0.040675295755984324, "Mode_F1": 0.0675635272911046, "Mode_TP_C": 103.575, "Mode_recall_C": 0.05135427847164814, "Purity": 0.19976207316412214, "AMI": 0.0796901411543465, "ARand": 0.008963498616816615, "ModeProb_TP": 2.45, "ModeProb_T": 40.175, "ModeProb_P": 6.375, "ModeProb_precision": 0.4015203875072297, "ModeProb_recall": 0.06200352176746564, "ModeProb_F1": 0.10204349177536631}, "10": {"IoU_TP": 1.25, "IoU_T": 40.475, "IoU_P": 6.35, "IoU_precision": 0.19327332024700444, "IoU_recall": 0.027835503097461863, "IoU_F1": 0.04601791533080531, "Mode_TP": 1.65, "Mode_T": 40.475, "Mode_P": 6.35, "Mode_precision": 0.2584935386251176, "Mode_recall": 0.03804904868456856, "Mode_F1": 0.06280671364059731, "Mode_TP_C": 82.475, "Mode_recall_C": 0.04237654287049078, "Purity": 0.19734622775429994, "AMI": 0.08532876131085518, "ARand": 0.009767295670456352, "ModeProb_TP": 2.475, "ModeProb_T": 40.475, "ModeProb_P": 6.35, "ModeProb_precision": 0.41017497853024176, "ModeProb_recall": 0.06331863950857639, "ModeProb_F1": 0.1046077343751898}, "11": {"IoU_TP": 0.85, "IoU_T": 40.15, "IoU_P": 4.675, "IoU_precision": 0.17001262626262623, "IoU_recall": 0.020035324782604436, "IoU_F1": 0.03417793009831974, "Mode_TP": 1.375, "Mode_T": 40.15, "Mode_P": 4.675, "Mode_precision": 0.2661742424242425, "Mode_recall": 0.03464817762978898, "Mode_F1": 0.058669474169967525, "Mode_TP_C": 83.725, "Mode_recall_C": 0.04473070910264825, "Purity": 0.18944120233325906, "AMI": 0.07757604408636411, "ARand": 0.009066401926699781, "ModeProb_TP": 1.95, "ModeProb_T": 40.15, "ModeProb_P": 4.675, "ModeProb_precision": 0.43974747474747466, "ModeProb_recall": 0.05363551934881252, "ModeProb_F1": 0.0917009111688245}, "12": {"IoU_TP": 0.875, "IoU_T": 40.875, "IoU_P": 4.275, "IoU_precision": 0.18226800976800972, "IoU_recall": 0.01901124934435599, "IoU_F1": 0.03277819681235282, "Mode_TP": 1.45, "Mode_T": 40.875, "Mode_P": 4.275, "Mode_precision": 0.3069078144078145, "Mode_recall": 0.03429232273372106, "Mode_F1": 0.05925530146624295, "Mode_TP_C": 94.825, "Mode_recall_C": 0.049064388063601985, "Purity": 0.18829626654018505, "AMI": 0.07373008488173022, "ARand": 0.011927214408575757, "ModeProb_TP": 1.825, "ModeProb_T": 40.875, "ModeProb_P": 4.275, "ModeProb_precision": 0.41476037851037867, "ModeProb_recall": 0.04889123185766333, "ModeProb_F1": 0.08473534286264028}, "13": {"IoU_TP": 1.175, "IoU_T": 40.25, "IoU_P": 4.925, "IoU_precision": 0.22498106060606057, "IoU_recall": 0.027218477933831052, "IoU_F1": 0.04701262553881602, "Mode_TP": 1.7, "Mode_T": 40.25, "Mode_P": 4.925, "Mode_precision": 0.32561868686868695, "Mode_recall": 0.04085676060025986, "Mode_F1": 0.06976090075772531, "Mode_TP_C": 98.5, "Mode_recall_C": 0.05026156787026124, "Purity": 0.19549162293014707, "AMI": 0.08410190567426382, "ARand": 0.011746579507147062, "ModeProb_TP": 2.075, "ModeProb_T": 40.25, "ModeProb_P": 4.925, "ModeProb_precision": 0.41698863636363653, "ModeProb_recall": 0.05385565701488911, "ModeProb_F1": 0.0917039586734383}, "14": {"IoU_TP": 1.25, "IoU_T": 40.425, "IoU_P": 4.875, "IoU_precision": 0.22476121101121102, "IoU_recall": 0.027084422336503662, "IoU_F1": 0.0470682603588789, "Mode_TP": 1.675,