{"2": {"IoU_TP": 0.75, "IoU_T": 41.075, "IoU_P": 243.825, "IoU_precision": 0.002560615824906353, "IoU_recall": 0.01579409663232585, "IoU_F1": 0.004400470312545373, "Mode_TP": 2.775, "Mode_T": 41.075, "Mode_P": 243.825, "Mode_precision": 0.01027146402264447, "Mode_recall": 0.06138132277185541, "Mode_F1": 0.017569662985453698, "Mode_TP_C": 53.725, "Mode_recall_C": 0.027560785895988545, "Purity": 0.36024516829517333, "AMI": 0.08975142375311485, "ARand": 0.007494554357008072, "ModeProb_TP": 8.475, "ModeProb_T": 41.075, "ModeProb_P": 243.825, "ModeProb_precision": 0.034329295760322995, "ModeProb_recall": 0.20469106819392963, "ModeProb_F1": 0.05871180722458781}, "3": {"IoU_TP": 1.625, "IoU_T": 40.1, "IoU_P": 109.125, "IoU_precision": 0.013825189943855027, "IoU_recall": 0.037377549262344656, "IoU_F1": 0.02013730928274721, "Mode_TP": 3.175, "Mode_T": 40.1, "Mode_P": 109.125, "Mode_precision": 0.026708658961700143, "Mode_recall": 0.07237910383327152, "Mode_F1": 0.03891815731187823, "Mode_TP_C": 65.15, "Mode_recall_C": 0.03354065968873575, "Purity": 0.2926655366664846, "AMI": 0.09917575590482709, "ARand": 0.00858356678145308, "ModeProb_TP": 7.475, "ModeProb_T": 40.1, "ModeProb_P": 109.125, "ModeProb_precision": 0.06582997317953455, "ModeProb_recall": 0.17941898126009753, "ModeProb_F1": 0.09609115751573759}, "4": {"IoU_TP": 2.275, "IoU_T": 40.475, "IoU_P": 63.075, "IoU_precision": 0.03306757815511657, "IoU_recall": 0.051644245590219816, "IoU_F1": 0.04017647585154205, "Mode_TP": 3.95, "Mode_T": 40.475, "Mode_P": 63.075, "Mode_precision": 0.05800795001146482, "Mode_recall": 0.0912008087666904, "Mode_F1": 0.07065701347744954, "Mode_TP_C": 85.025, "Mode_recall_C": 0.044186114649330165, "Purity": 0.2670749983161219, "AMI": 0.10965769811018108, "ARand": 0.011003411348424422, "ModeProb_TP": 7.375, "ModeProb_T": 40.475, "ModeProb_P": 63.075, "ModeProb_precision": 0.11588332242798453, "ModeProb_recall": 0.17898748059038622, "ModeProb_F1": 0.1402111295107826}, "5": {"IoU_TP": 2.25, "IoU_T": 40.425, "IoU_P": 40.425, "IoU_precision": 0.05058732231833214, "IoU_recall": 0.0497400278284096, "IoU_F1": 0.04985990452436254, "Mode_TP": 3.725, "Mode_T": 40.425, "Mode_P": 40.425, "Mode_precision": 0.08424343108813079, "Mode_recall": 0.08398836103738852, "Mode_F1": 0.0836326639032013, "Mode_TP_C": 99.175, "Mode_recall_C": 0.052192031511075376, "Purity": 0.2506532649968585, "AMI": 0.11045778264742885, "ARand": 0.009368639481125495, "ModeProb_TP": 6.75, "ModeProb_T": 40.425, "ModeProb_P": 40.425, "ModeProb_precision": 0.16316914095593896, "ModeProb_recall": 0.16157692779208607, "ModeProb_F1": 0.16149232630460275}, "6": {"IoU_TP": 2.275, "IoU_T": 40.575, "IoU_P": 29.8, "IoU_precision": 0.07216130601542181, "IoU_recall": 0.05087497597927561, "IoU_F1": 0.05935197147815422, "Mode_TP": 3.55, "Mode_T": 40.575, "Mode_P": 29.8, "Mode_precision": 0.11168414822660133, "Mode_recall": 0.08126784982721316, "Mode_F1": 0.09346986475938412, "Mode_TP_C": 99.925, "Mode_recall_C": 0.052515305190339714, "Purity": 0.2379575792994967, "AMI": 0.1101403143735914, "ARand": 0.011159576569511432, "ModeProb_TP": 6.175, "ModeProb_T": 40.575, "ModeProb_P": 29.8, "ModeProb_precision": 0.20744533692495803, "ModeProb_recall": 0.1456852689579274, "ModeProb_F1": 0.1698998187758741}, "7": {"IoU_TP": 2.325, "IoU_T": 40.825, "IoU_P": 23.025, "IoU_precision": 0.0981170868216079, "IoU_recall": 0.054371916106154605, "IoU_F1": 0.06956634826931501, "Mode_TP": 3.6, "Mode_T": 40.825, "Mode_P": 23.025, "Mode_precision": 0.1479661106432954, "Mode_recall": 0.08284299154369196, "Mode_F1": 0.10542314981324016, "Mode_TP_C": 125.075, "Mode_recall_C": 0.06721801359175547, "Purity": 0.2314181953700308, "AMI": 0.10196695700905929, "ARand": 0.008689785176955747, "ModeProb_TP": 5.925, "ModeProb_T": 40.825, "ModeProb_P": 23.025, "ModeProb_precision": 0.2505180522359386, "ModeProb_recall": 0.13917521909301558, "ModeProb_F1": 0.17746721089101228}, "8": {"IoU_TP": 2.0, "IoU_T": 40.9, "IoU_P": 18.625, "IoU_precision": 0.10733356752592535, "IoU_recall": 0.04471627332033658, "IoU_F1": 0.06264994538492324, "Mode_TP": 3.075, "Mode_T": 40.9, "Mode_P": 18.625, "Mode_precision": 0.16468569994941198, "Mode_recall": 0.07102218627802152, "Mode_F1": 0.09832196281990963, "Mode_TP_C": 109.35, "Mode_recall_C": 0.05931478148340943, "Purity": 0.2262532176547302, "AMI": 0.10660233508350529, "ARand": 0.010762329258677646, "ModeProb_TP": 5.225, "ModeProb_T": 40.9, "ModeProb_P": 18.625, "ModeProb_precision": 0.28558635817369327, "ModeProb_recall": 0.12492012741671683, "ModeProb_F1": 0.17204517436039451}, "9": {"IoU_TP": 1.75, "IoU_T": 40.225, "IoU_P": 14.9, "IoU_precision": 0.09893089364625743, "IoU_recall": 0.03653158814273072, "IoU_F1": 0.053089408033853425, "Mode_TP": 2.8, "Mode_T": 40.225, "Mode_P": 14.9, "Mode_precision": 0.1662506126269671, "Mode_recall": 0.0602489475886673, "Mode_F1": 0.08791660421408817, "Mode_TP_C": 95.85, "Mode_recall_C": 0.048068007267677466, "Purity": 0.22052267595017785, "AMI": 0.09548628517216398, "ARand": 0.008968694138174107, "ModeProb_TP": 4.65, "ModeProb_T": 40.225, "ModeProb_P": 14.9, "ModeProb_precision": 0.30400584677190723, "ModeProb_recall": 0.1090277037159945, "ModeProb_F1": 0.15937879820078055}, "10": {"IoU_TP": 1.625, "IoU_T": 40.125, "IoU_P": 12.575, "IoU_precision": 0.11885098746469722, "IoU_recall": 0.036898199927946254, "IoU_F1": 0.056091012744417544, "Mode_TP": 2.825, "Mode_T": 40.125, "Mode_P": 12.575, "Mode_precision": 0.21126849631893205, "Mode_recall": 0.066958428836055, "Mode_F1": 0.1011271220320061, "Mode_TP_C": 102.35, "Mode_recall_C": 0.05251263208028188, "Purity": 0.22098974371987445, "AMI": 0.09631623268546727, "ARand": 0.008997703481342753, "ModeProb_TP": 4.125, "ModeProb_T": 40.125, "ModeProb_P": 12.575, "ModeProb_precision": 0.327623165541627, "ModeProb_recall": 0.10094987549825844, "ModeProb_F1": 0.15342942042596944}, "11": {"IoU_TP": 2.15, "IoU_T": 41.025, "IoU_P": 11.15, "IoU_precision": 0.1836067419852249, "IoU_recall": 0.048528400278005854, "IoU_F1": 0.07626352127986713, "Mode_TP": 2.9, "Mode_T": 41.025, "Mode_P": 11.15, "Mode_precision": 0.2412045531008379, "Mode_recall": 0.065800172042063, "Mode_F1": 0.10268467220714461, "Mode_TP_C": 116.125, "Mode_recall_C": 0.0593150315760411, "Purity": 0.214057822786435, "AMI": 0.10468769003570022, "ARand": 0.009504097996559411, "ModeProb_TP": 4.25, "ModeProb_T": 41.025, "ModeProb_P": 11.15, "ModeProb_precision": 0.3884501592318931, "ModeProb_recall": 0.10240271750680825, "ModeProb_F1": 0.16089705287815517}, "12": {"IoU_TP": 1.325, "IoU_T": 40.15, "IoU_P": 9.7, "IoU_precision": 0.13297976329226327, "IoU_recall": 0.03108150321205579, "IoU_F1": 0.049906862318545096, "Mode_TP": 2.2, "Mode_T": 40.15, "Mode_P": 9.7, "Mode_precision": 0.22033275752025752, "Mode_recall": 0.05202537806931984, "Mode_F1": 0.0833545002952332, "Mode_TP_C": 82.4, "Mode_recall_C": 0.043830829312378077, "Purity": 0.21059184481692625, "AMI": 0.0944642244607797, "ARand": 0.008422354045953363, "ModeProb_TP": 3.5, "ModeProb_T": 40.15, "ModeProb_P": 9.7, "ModeProb_precision": 0.3692995199245199, "ModeProb_recall": 0.0831187306705169, "ModeProb_F1": 0.13331677477006}, "13": {"IoU_TP": 1.3, "IoU_T": 40.275, "IoU_P": 8.625, "IoU_precision": 0.14329611360861355, "IoU_recall": 0.030837742238064077, "IoU_F1": 0.05025140318298897, "Mode_TP": 2.075, "Mode_T": 40.275, "Mode_P": 8.625, "Mode_precision": 0.22758120351870342, "Mode_recall": 0.049176959148498414, "Mode_F1": 0.08007679790884857, "Mode_TP_C": 82.125, "Mode_recall_C": 0.0429691656016725, "Purity": 0.20292033794678682, "AMI": 0.08593566333998529, "ARand": 0.006318194172999801, "ModeProb_TP": 3.25, "ModeProb_T": 40.275, "ModeProb_P": 8.625, "ModeProb_precision": 0.4016989260739262, "ModeProb_recall": 0.08058296121962172, "ModeProb_F1": 0.13146768709847034}, "14": {"IoU_TP": 1.1, "IoU_T": 39.4, "IoU_P": 7.45, "IoU_precision": 0.12206980519480519, "IoU_recall": 0.024439236034909263, "IoU_F1": 0.04028090983565435, "Mode_TP": 1.775, "Mode_T": 39.4,