{"2": {"IoU_TP": 0.95, "IoU_T": 40.05, "IoU_P": 220.8, "IoU_precision": 0.0038870154057651838, "IoU_recall": 0.021059047596961995, "IoU_F1": 0.006549405429724267, "Mode_TP": 2.875, "Mode_T": 40.05, "Mode_P": 220.8, "Mode_precision": 0.011970509395012627, "Mode_recall": 0.06656321053343053, "Mode_F1": 0.020240472251837758, "Mode_TP_C": 59.175, "Mode_recall_C": 0.031067425262376668, "Purity": 0.3603549131536066, "AMI": 0.09939542823915135, "ARand": 0.007929172963302427, "ModeProb_TP": 8.1, "ModeProb_T": 40.05, "ModeProb_P": 220.8, "ModeProb_precision": 0.036822182027651765, "ModeProb_recall": 0.202298643425943, "ModeProb_F1": 0.06217256414344398}, "3": {"IoU_TP": 2.275, "IoU_T": 40.025, "IoU_P": 93.375, "IoU_precision": 0.021799998129848102, "IoU_recall": 0.04822324257996873, "IoU_F1": 0.029785627891975235, "Mode_TP": 4.0, "Mode_T": 40.025, "Mode_P": 93.375, "Mode_precision": 0.03901679333295501, "Mode_recall": 0.09012476398199519, "Mode_F1": 0.05402314515763603, "Mode_TP_C": 84.625, "Mode_recall_C": 0.044012808162314836, "Purity": 0.2977213180961589, "AMI": 0.11623204303480528, "ARand": 0.011171540758809129, "ModeProb_TP": 8.775, "ModeProb_T": 40.025, "ModeProb_P": 93.375, "ModeProb_precision": 0.0913954941538355, "ModeProb_recall": 0.20867431488117277, "ModeProb_F1": 0.12619797765040608}, "4": {"IoU_TP": 2.775, "IoU_T": 40.7, "IoU_P": 54.975, "IoU_precision": 0.043066537141836905, "IoU_recall": 0.05664219921031919, "IoU_F1": 0.04847494055960236, "Mode_TP": 4.525, "Mode_T": 40.7, "Mode_P": 54.975, "Mode_precision": 0.07285599689498194, "Mode_recall": 0.09857753891705193, "Mode_F1": 0.0830298850731335, "Mode_TP_C": 113.675, "Mode_recall_C": 0.0577355025069682, "Purity": 0.26915879940505305, "AMI": 0.12205944604558658, "ARand": 0.010779970556664761, "ModeProb_TP": 8.1, "ModeProb_T": 40.7, "ModeProb_P": 54.975, "ModeProb_precision": 0.14138506689992286, "ModeProb_recall": 0.1855120501858885, "ModeProb_F1": 0.1589536058246938}, "5": {"IoU_TP": 3.025, "IoU_T": 40.025, "IoU_P": 37.5, "IoU_precision": 0.07335600308424517, "IoU_recall": 0.0659167474562159, "IoU_F1": 0.06864923724494273, "Mode_TP": 4.4, "Mode_T": 40.025, "Mode_P": 37.5, "Mode_precision": 0.10272350640110547, "Mode_recall": 0.09694256904793677, "Mode_F1": 0.09845658485036754, "Mode_TP_C": 109.05, "Mode_recall_C": 0.05542871528497022, "Purity": 0.2581373529155805, "AMI": 0.12486564155603017, "ARand": 0.01111560107128331, "ModeProb_TP": 6.95, "ModeProb_T": 40.025, "ModeProb_P": 37.5, "ModeProb_precision": 0.1780072284641732, "ModeProb_recall": 0.16270352477481717, "ModeProb_F1": 0.16775499210070902}, "6": {"IoU_TP": 3.3, "IoU_T": 41.425, "IoU_P": 25.9, "IoU_precision": 0.11737601432431141, "IoU_recall": 0.0704501368953636, "IoU_F1": 0.08609553528280436, "Mode_TP": 4.575, "Mode_T": 41.425, "Mode_P": 25.9, "Mode_precision": 0.16731975627625198, "Mode_recall": 0.10117401883221722, "Mode_F1": 0.12321984790838994, "Mode_TP_C": 124.45, "Mode_recall_C": 0.06365304693234432, "Purity": 0.24267343548238526, "AMI": 0.12554975563774834, "ARand": 0.012444448371875019, "ModeProb_TP": 7.15, "ModeProb_T": 41.425, "ModeProb_P": 25.9, "ModeProb_precision": 0.2778653476775921, "ModeProb_recall": 0.1629806909674971, "ModeProb_F1": 0.20083840146790774}, "7": {"IoU_TP": 2.575, "IoU_T": 41.025, "IoU_P": 20.05, "IoU_precision": 0.11714687121720731, "IoU_recall": 0.053040456031349936, "IoU_F1": 0.07147131153522326, "Mode_TP": 4.075, "Mode_T": 41.025, "Mode_P": 20.05, "Mode_precision": 0.18067531347174884, "Mode_recall": 0.08814060174971419, "Mode_F1": 0.11558836651720188, "Mode_TP_C": 128.125, "Mode_recall_C": 0.06522649703976244, "Purity": 0.2380396201422605, "AMI": 0.11709527144009373, "ARand": 0.011212486365159384, "ModeProb_TP": 6.25, "ModeProb_T": 41.025, "ModeProb_P": 20.05, "ModeProb_precision": 0.3097737626175294, "ModeProb_recall": 0.14200163547097966, "ModeProb_F1": 0.18951118252440396}, "8": {"IoU_TP": 3.175, "IoU_T": 41.375, "IoU_P": 16.3, "IoU_precision": 0.18986928231217098, "IoU_recall": 0.06920976706760458, "IoU_F1": 0.0988777465328689, "Mode_TP": 4.225, "Mode_T": 41.375, "Mode_P": 16.3, "Mode_precision": 0.24945077752793948, "Mode_recall": 0.09502210327397279, "Mode_F1": 0.13412084828311904, "Mode_TP_C": 139.0, "Mode_recall_C": 0.07013006292363654, "Purity": 0.23568405603372647, "AMI": 0.12283226312032076, "ARand": 0.010481977643204816, "ModeProb_TP": 6.275, "ModeProb_T": 41.375, "ModeProb_P": 16.3, "ModeProb_precision": 0.39970055205665955, "ModeProb_recall": 0.14245257943932027, "ModeProb_F1": 0.20220310257405902}, "9": {"IoU_TP": 2.375, "IoU_T": 39.45, "IoU_P": 13.575, "IoU_precision": 0.18249701785286154, "IoU_recall": 0.05514493601827357, "IoU_F1": 0.08230777089969307, "Mode_TP": 3.25, "Mode_T": 39.45, "Mode_P": 13.575, "Mode_precision": 0.23105189845843874, "Mode_recall": 0.07614376304037228, "Mode_F1": 0.11096368512753726, "Mode_TP_C": 128.575, "Mode_recall_C": 0.0660884009534557, "Purity": 0.2312654601666308, "AMI": 0.11400734587054309, "ARand": 0.010351411840303967, "ModeProb_TP": 4.9, "ModeProb_T": 39.45, "ModeProb_P": 13.575, "ModeProb_precision": 0.3772010857649404, "ModeProb_recall": 0.11725773348213589, "ModeProb_F1": 0.1718825650722691}, "10": {"IoU_TP": 2.25, "IoU_T": 40.0, "IoU_P": 12.15, "IoU_precision": 0.1577269909313253, "IoU_recall": 0.04661031499673451, "IoU_F1": 0.07103459160378098, "Mode_TP": 3.25, "Mode_T": 40.0, "Mode_P": 12.15, "Mode_precision": 0.23663457640141075, "Mode_recall": 0.0723183604424924, "Mode_F1": 0.10936407868910605, "Mode_TP_C": 123.975, "Mode_recall_C": 0.062445522336028125, "Purity": 0.22217873640915373, "AMI": 0.1098906919204449, "ARand": 0.010752427411149415, "ModeProb_TP": 4.375, "ModeProb_T": 40.0, "ModeProb_P": 12.15, "ModeProb_precision": 0.4074111761776236, "ModeProb_recall": 0.10130800751807142, "ModeProb_F1": 0.15594311723149043}, "11": {"IoU_TP": 2.025, "IoU_T": 40.275, "IoU_P": 10.9, "IoU_precision": 0.16694629297860725, "IoU_recall": 0.04350735797354695, "IoU_F1": 0.06844591929052177, "Mode_TP": 2.825, "Mode_T": 40.275, "Mode_P": 10.9, "Mode_precision": 0.23557687142149225, "Mode_recall": 0.06441965299331079, "Mode_F1": 0.10014765633465565, "Mode_TP_C": 129.325, "Mode_recall_C": 0.06581000431484405, "Purity": 0.22202787453570288, "AMI": 0.10679050183125305, "ARand": 0.008864819756240157, "ModeProb_TP": 4.125, "ModeProb_T": 40.275, "ModeProb_P": 10.9, "ModeProb_precision": 0.38910804967306534, "ModeProb_recall": 0.09690096720264348, "ModeProb_F1": 0.15235092218760699}, "12": {"IoU_TP": 2.25, "IoU_T": 40.775, "IoU_P": 8.75, "IoU_precision": 0.22355311355311347, "IoU_recall": 0.04792673597498803, "IoU_F1": 0.07807017970282917, "Mode_TP": 2.975, "Mode_T": 40.775, "Mode_P": 8.75, "Mode_precision": 0.29336184648684654, "Mode_recall": 0.06486820418430213, "Mode_F1": 0.10506280151247308, "Mode_TP_C": 124.05, "Mode_recall_C": 0.06243362917573205, "Purity": 0.21801353136015353, "AMI": 0.09941204098819068, "ARand": 0.007439995980495778, "ModeProb_TP": 3.975, "ModeProb_T": 40.775, "ModeProb_P": 8.75, "ModeProb_precision": 0.48021776834276847, "ModeProb_recall": 0.09081957942210958, "ModeProb_F1": 0.14928780571061714}, "13": {"IoU_TP": 1.5, "IoU_T": 40.55, "IoU_P": 7.675, "IoU_precision": 0.17169753857253858, "IoU_recall": 0.0329253007691424, "IoU_F1": 0.0548145217711651, "Mode_TP": 2.25, "Mode_T": 40.55, "Mode_P": 7.675, "Mode_precision": 0.25949814074814076, "Mode_recall": 0.051409155744829946, "Mode_F1": 0.08488097700791383, "Mode_TP_C": 95.875, "Mode_recall_C": 0.04965038967636135, "Purity": 0.20133982138131373, "AMI": 0.08669220023247573, "ARand": 0.0072218897076397354, "ModeProb_TP": 3.225, "ModeProb_T": 40.55, "ModeProb_P": 7.675, "ModeProb_precision": 0.5020209651459651, "ModeProb_recall": 0.0768677688021494, "ModeProb_F1": 0.12914893110262166}, "14": {"IoU_TP": 1.75, "IoU_T": 40.55, "IoU_P": 6.725, "IoU_precision": 0.2223015873015873, "IoU_recall": 0.03773599490226148, "IoU_F1": 0.06346425764003559, "Mode_TP": 2.375, "Mode_T": 40.55,