{"2": {"IoU_TP": 2.775, "IoU_T": 40.65, "IoU_P": 178.125, "IoU_precision": 0.024750626057751045, "IoU_recall": 0.05831440716395694, "IoU_F1": 0.021227337014635715, "Mode_TP": 5.6, "Mode_T": 40.65, "Mode_P": 178.125, "Mode_precision": 0.05169849456240992, "Mode_recall": 0.11936373986180626, "Mode_F1": 0.04497102141926552, "Mode_TP_C": 119.425, "Mode_recall_C": 0.06105531723545602, "Purity": 0.35301333083366093, "AMI": 0.13276315572249076, "ARand": 0.017526101519502905, "ModeProb_TP": 9.275, "ModeProb_T": 40.65, "ModeProb_P": 178.125, "ModeProb_precision": 0.07891526254057968, "ModeProb_recall": 0.21070680307796225, "ModeProb_F1": 0.08002559139551896}, "3": {"IoU_TP": 2.675, "IoU_T": 39.9, "IoU_P": 50.925, "IoU_precision": 0.06205128326588566, "IoU_recall": 0.054174827660532256, "IoU_F1": 0.041480650760043446, "Mode_TP": 3.95, "Mode_T": 39.9, "Mode_P": 50.925, "Mode_precision": 0.10405392964452798, "Mode_recall": 0.0820246211814335, "Mode_F1": 0.06430599919507954, "Mode_TP_C": 126.2, "Mode_recall_C": 0.06265788474709227, "Purity": 0.25205446123860903, "AMI": 0.10370207630029356, "ARand": 0.011559008324586442, "ModeProb_TP": 6.925, "ModeProb_T": 39.9, "ModeProb_P": 50.925, "ModeProb_precision": 0.23010132487020182, "ModeProb_recall": 0.1516863941030163, "ModeProb_F1": 0.1268347311151549}, "4": {"IoU_TP": 1.65, "IoU_T": 39.375, "IoU_P": 17.375, "IoU_precision": 0.10497613188070021, "IoU_recall": 0.03348894901477641, "IoU_F1": 0.03776315909294923, "Mode_TP": 2.55, "Mode_T": 39.375, "Mode_P": 17.375, "Mode_precision": 0.20159822467063035, "Mode_recall": 0.053751619266080033, "Mode_F1": 0.06491549732379445, "Mode_TP_C": 126.725, "Mode_recall_C": 0.06744332655470937, "Purity": 0.20554546339381444, "AMI": 0.0610482953710225, "ARand": 0.006516493618597778, "ModeProb_TP": 4.0, "ModeProb_T": 39.375, "ModeProb_P": 17.375, "ModeProb_precision": 0.30016950121176716, "ModeProb_recall": 0.08931027677350088, "ModeProb_F1": 0.10727711249512731}, "5": {"IoU_TP": 1.875, "IoU_T": 40.625, "IoU_P": 12.275, "IoU_precision": 0.11456264909558678, "IoU_recall": 0.036754772155987867, "IoU_F1": 0.04846220916558898, "Mode_TP": 2.475, "Mode_T": 40.625, "Mode_P": 12.275, "Mode_precision": 0.1773592133334041, "Mode_recall": 0.05106326153448785, "Mode_F1": 0.06865663853039204, "Mode_TP_C": 90.875, "Mode_recall_C": 0.04738217231000745, "Purity": 0.19394659578793005, "AMI": 0.06718287658752665, "ARand": 0.004521712636084059, "ModeProb_TP": 3.875, "ModeProb_T": 40.625, "ModeProb_P": 12.275, "ModeProb_precision": 0.33440578256785186, "ModeProb_recall": 0.08764967547171816, "ModeProb_F1": 0.12177779581988106}, "6": {"IoU_TP": 1.3, "IoU_T": 40.375, "IoU_P": 7.975, "IoU_precision": 0.17310248465511624, "IoU_recall": 0.02880773469771298, "IoU_F1": 0.044442684835851023, "Mode_TP": 1.975, "Mode_T": 40.375, "Mode_P": 7.975, "Mode_precision": 0.25914138869402015, "Mode_recall": 0.04413061277583559, "Mode_F1": 0.06847496998000951, "Mode_TP_C": 102.65, "Mode_recall_C": 0.053544772925132975, "Purity": 0.19226308862128916, "AMI": 0.058547877430043936, "ARand": 0.0039888524783340245, "ModeProb_TP": 3.0, "ModeProb_T": 40.375, "ModeProb_P": 7.975, "ModeProb_precision": 0.3710033828586462, "ModeProb_recall": 0.07103346709843388, "ModeProb_F1": 0.10921993284840599}, "7": {"IoU_TP": 1.475, "IoU_T": 40.375, "IoU_P": 7.1, "IoU_precision": 0.18864802101063707, "IoU_recall": 0.03355252083029034, "IoU_F1": 0.05290810312775528, "Mode_TP": 2.325, "Mode_T": 40.375, "Mode_P": 7.1, "Mode_precision": 0.2746037190793383, "Mode_recall": 0.05592597192516356, "Mode_F1": 0.08598416286184632, "Mode_TP_C": 102.825, "Mode_recall_C": 0.05505523911671537, "Purity": 0.19079177244611234, "AMI": 0.0754082100879395, "ARand": 0.006864129087963038, "ModeProb_TP": 2.75, "ModeProb_T": 40.375, "ModeProb_P": 7.1, "ModeProb_precision": 0.3825010428812675, "ModeProb_recall": 0.06925573488148334, "ModeProb_F1": 0.10951672490172988}, "8": {"IoU_TP": 1.55, "IoU_T": 40.625, "IoU_P": 6.9, "IoU_precision": 0.1896601621417798, "IoU_recall": 0.03398460469209903, "IoU_F1": 0.05416509043609895, "Mode_TP": 2.075, "Mode_T": 40.625, "Mode_P": 6.9, "Mode_precision": 0.277492503411621, "Mode_recall": 0.04813464544850558, "Mode_F1": 0.07767126491497794, "Mode_TP_C": 92.575, "Mode_recall_C": 0.050938381244369516, "Purity": 0.19240068060837928, "AMI": 0.07996329311246261, "ARand": 0.008222441705171415, "ModeProb_TP": 2.55, "ModeProb_T": 40.625, "ModeProb_P": 6.9, "ModeProb_precision": 0.3562849017812253, "ModeProb_recall": 0.06072673720570905, "ModeProb_F1": 0.09813483848025331}, "9": {"IoU_TP": 1.15, "IoU_T": 40.775, "IoU_P": 5.5, "IoU_precision": 0.2069642857142857, "IoU_recall": 0.023991012271540185, "IoU_F1": 0.04159858076361474, "Mode_TP": 1.675, "Mode_T": 40.775, "Mode_P": 5.5, "Mode_precision": 0.2711011904761905, "Mode_recall": 0.037741696210536364, "Mode_F1": 0.06351960818204336, "Mode_TP_C": 89.7, "Mode_recall_C": 0.045792481476723115, "Purity": 0.18893539653579203, "AMI": 0.06977162367281886, "ARand": 0.007492632042783319, "ModeProb_TP": 2.275, "ModeProb_T": 40.775, "ModeProb_P": 5.5, "ModeProb_precision": 0.38443452380952386, "ModeProb_recall": 0.05668054132965922, "ModeProb_F1": 0.09545714101125537}, "10": {"IoU_TP": 1.225, "IoU_T": 40.525, "IoU_P": 5.0, "IoU_precision": 0.2100198412698413, "IoU_recall": 0.025805757475283166, "IoU_F1": 0.04506734722096465, "Mode_TP": 1.725, "Mode_T": 40.525, "Mode_P": 5.0, "Mode_precision": 0.2827417027417028, "Mode_recall": 0.03956970757806732, "Mode_F1": 0.06728913384546815, "Mode_TP_C": 99.5, "Mode_recall_C": 0.05145511759470901, "Purity": 0.18894908866869004, "AMI": 0.07589951076375492, "ARand": 0.008676071425735558, "ModeProb_TP": 2.15, "ModeProb_T": 40.525, "ModeProb_P": 5.0, "ModeProb_precision": 0.44446789321789326, "ModeProb_recall": 0.05242892093499516, "ModeProb_F1": 0.09049001417710087}, "11": {"IoU_TP": 0.95, "IoU_T": 40.575, "IoU_P": 4.775, "IoU_precision": 0.17068181818181813, "IoU_recall": 0.020078859943603578, "IoU_F1": 0.03499553414137098, "Mode_TP": 1.575, "Mode_T": 40.575, "Mode_P": 4.775, "Mode_precision": 0.2691396103896104, "Mode_recall": 0.036856488885268324, "Mode_F1": 0.06321485024424428, "Mode_TP_C": 100.15, "Mode_recall_C": 0.052549658629224984, "Purity": 0.1921115165490344, "AMI": 0.07071982818607289, "ARand": 0.006739026348891142, "ModeProb_TP": 1.95, "ModeProb_T": 40.575, "ModeProb_P": 4.775, "ModeProb_precision": 0.4135335497835498, "ModeProb_recall": 0.048304759675523314, "ModeProb_F1": 0.08397451097477635}, "12": {"IoU_TP": 0.8, "IoU_T": 40.2, "IoU_P": 4.0, "IoU_precision": 0.16820512820512823, "IoU_recall": 0.01828522662307456, "IoU_F1": 0.03208181815846571, "Mode_TP": 1.35, "Mode_T": 40.2, "Mode_P": 4.0, "Mode_precision": 0.28952991452991467, "Mode_recall": 0.03289147488699206, "Mode_F1": 0.05773363518664117, "Mode_TP_C": 89.2, "Mode_recall_C": 0.04742614774793887, "Purity": 0.18794804091523712, "AMI": 0.06513494368571986, "ARand": 0.009996070726195318, "ModeProb_TP": 1.6, "ModeProb_T": 40.2, "ModeProb_P": 4.0, "ModeProb_precision": 0.42234890109890105, "ModeProb_recall": 0.041841185751186095, "ModeProb_F1": 0.07419790052791116}, "13": {"IoU_TP": 0.9, "IoU_T": 40.45, "IoU_P": 3.6, "IoU_precision": 0.19647727272727272, "IoU_recall": 0.02018935015876749, "IoU_F1": 0.035423286885274505, "Mode_TP": 1.325, "Mode_T": 40.45, "Mode_P": 3.6, "Mode_precision": 0.2993181818181819, "Mode_recall": 0.03238304070788353, "Mode_F1": 0.0568585270826117, "Mode_TP_C": 96.775, "Mode_recall_C": 0.05061974014015587, "Purity": 0.1910220292675868, "AMI": 0.0692802730854376, "ARand": 0.011759357598885316, "ModeProb_TP": 1.55, "ModeProb_T": 40.45, "ModeProb_P": 3.6, "ModeProb_precision": 0.4726893939393939, "ModeProb_recall": 0.041986070913506465, "ModeProb_F1": 0.07506599896026481}, "14": {"IoU_TP": 0.775, "IoU_T": 41.4, "IoU_P": 3.35, "IoU_precision": 0.1966666666666666, "IoU_recall": 0.01701594062252255, "IoU_F1": 0.03098034945198212, "Mode_TP": 1.3, "Mode_T": 41.4, "Mode_P": 3.35,