{"5": {"IoU_TP": 0.275, "IoU_T": 40.175, "IoU_P": 5.0, "IoU_precision": 0.05500000000000001, "IoU_recall": 0.00828127659973529, "IoU_F1": 0.014311358150175646, "Mode_TP": 1.75, "Mode_T": 40.175, "Mode_P": 5.0, "Mode_precision": 0.34999999999999987, "Mode_recall": 0.045838182782542286, "Mode_F1": 0.08026367842344899, "Mode_TP_C": 129.525, "Mode_recall_C": 0.07293087849512879, "Purity": 0.18627248914098554, "AMI": 0.10520966403922863, "ARand": 0.024065600663617768, "ModeProb_TP": 1.55, "ModeProb_T": 40.175, "ModeProb_P": 5.0, "ModeProb_precision": 0.30999999999999994, "ModeProb_recall": 0.04226664716571419, "ModeProb_F1": 0.0732382276472555}, "10": {"IoU_TP": 1.2, "IoU_T": 39.375, "IoU_P": 10.0, "IoU_precision": 0.12000000000000004, "IoU_recall": 0.031018143571783834, "IoU_F1": 0.04813914988052342, "Mode_TP": 3.525, "Mode_T": 39.375, "Mode_P": 10.0, "Mode_precision": 0.3525000000000001, "Mode_recall": 0.08876863726108337, "Mode_F1": 0.13941723450505986, "Mode_TP_C": 157.525, "Mode_recall_C": 0.08336390862989876, "Purity": 0.22093618362688758, "AMI": 0.13847099294117785, "ARand": 0.037306573326890816, "ModeProb_TP": 2.8, "ModeProb_T": 39.375, "ModeProb_P": 10.0, "ModeProb_precision": 0.28000000000000014, "ModeProb_recall": 0.0759455454522166, "ModeProb_F1": 0.11636225368795916}, "20": {"IoU_TP": 2.875, "IoU_T": 40.35, "IoU_P": 19.9, "IoU_precision": 0.14434210526315788, "IoU_recall": 0.06764488198646763, "IoU_F1": 0.08956985573485057, "Mode_TP": 6.875, "Mode_T": 40.35, "Mode_P": 19.9, "Mode_precision": 0.34546052631578944, "Mode_recall": 0.16560121029276664, "Mode_F1": 0.21816698738123913, "Mode_TP_C": 223.45, "Mode_recall_C": 0.11764865569177822, "Purity": 0.2654140385217451, "AMI": 0.17372240490178298, "ARand": 0.05639326603787944, "ModeProb_TP": 4.85, "ModeProb_T": 40.35, "ModeProb_P": 19.925, "ModeProb_precision": 0.24328947368421056, "ModeProb_recall": 0.12239240645028249, "ModeProb_F1": 0.15751466883192689}, "30": {"IoU_TP": 3.675, "IoU_T": 40.675, "IoU_P": 29.925, "IoU_precision": 0.12281609195402302, "IoU_recall": 0.08189079837153661, "IoU_F1": 0.09584407552422478, "Mode_TP": 10.35, "Mode_T": 40.675, "Mode_P": 29.925, "Mode_precision": 0.34609195402298853, "Mode_recall": 0.24292230819285687, "Mode_F1": 0.2784946767494184, "Mode_TP_C": 254.15, "Mode_recall_C": 0.13285802736539415, "Purity": 0.28933027665376376, "AMI": 0.19336313258553653, "ARand": 0.06227828229210215, "ModeProb_TP": 6.225, "ModeProb_T": 40.675, "ModeProb_P": 30.0, "ModeProb_precision": 0.20749999999999996, "ModeProb_recall": 0.14648672458002318, "ModeProb_F1": 0.16597699167510674}, "40": {"IoU_TP": 3.65, "IoU_T": 40.325, "IoU_P": 39.9, "IoU_precision": 0.09149038461538461, "IoU_recall": 0.08243556591484631, "IoU_F1": 0.08405210387807163, "Mode_TP": 11.375, "Mode_T": 40.325, "Mode_P": 39.9, "Mode_precision": 0.285128205128205, "Mode_recall": 0.26920311599232605, "Mode_F1": 0.2693617686254805, "Mode_TP_C": 243.4, "Mode_recall_C": 0.1290852956471866, "Purity": 0.3043649596252508, "AMI": 0.19469185325119223, "ARand": 0.06371632021369311, "ModeProb_TP": 6.375, "ModeProb_T": 40.325, "ModeProb_P": 39.975, "ModeProb_precision": 0.15948717948717953, "ModeProb_recall": 0.15149089876908198, "ModeProb_F1": 0.1499055661028337}, "50": {"IoU_TP": 3.825, "IoU_T": 40.05, "IoU_P": 49.775, "IoU_precision": 0.07667822767404837, "IoU_recall": 0.08016269858469716, "IoU_F1": 0.07734441943485282, "Mode_TP": 13.025, "Mode_T": 40.05, "Mode_P": 49.775, "Mode_precision": 0.2615841113040961, "Mode_recall": 0.3107700843920761, "Mode_F1": 0.2766555883595402, "Mode_TP_C": 244.7, "Mode_recall_C": 0.12785964238396413, "Purity": 0.32057195640539876, "AMI": 0.19698631653734533, "ARand": 0.06441030868900931, "ModeProb_TP": 7.7, "ModeProb_T": 40.05, "ModeProb_P": 49.975, "ModeProb_precision": 0.1540408163265307, "ModeProb_recall": 0.18697331146303098, "ModeProb_F1": 0.16345257682181258}, "60": {"IoU_TP": 4.175, "IoU_T": 40.95, "IoU_P": 59.775, "IoU_precision": 0.06980274693161895, "IoU_recall": 0.08954564601949735, "IoU_F1": 0.07677402499057039, "Mode_TP": 14.175, "Mode_T": 40.95, "Mode_P": 59.775, "Mode_precision": 0.23701392947594, "Mode_recall": 0.33272230432162164, "Mode_F1": 0.270093658079085, "Mode_TP_C": 241.175, "Mode_recall_C": 0.12264898200662622, "Purity": 0.3302494441135455, "AMI": 0.19868913311504183, "ARand": 0.0640258397457818, "ModeProb_TP": 8.25, "ModeProb_T": 40.95, "ModeProb_P": 60.0, "ModeProb_precision": 0.1375, "ModeProb_recall": 0.19836740212563864, "ModeProb_F1": 0.15763527505487335}, "70": {"IoU_TP": 4.2, "IoU_T": 40.9, "IoU_P": 69.8, "IoU_precision": 0.0600627207404701, "IoU_recall": 0.0878747679486852, "IoU_F1": 0.07014998342430007, "Mode_TP": 16.3, "Mode_T": 40.9, "Mode_P": 69.8, "Mode_precision": 0.23328305432845076, "Mode_recall": 0.3768645586673505, "Mode_F1": 0.2812513894630756, "Mode_TP_C": 241.075, "Mode_recall_C": 0.12416756033866287, "Purity": 0.33728846197805684, "AMI": 0.19601976406034005, "ARand": 0.05955269602142702, "ModeProb_TP": 8.75, "ModeProb_T": 40.9, "ModeProb_P": 69.975, "ModeProb_precision": 0.12502070393374745, "ModeProb_recall": 0.20653893048165184, "ModeProb_F1": 0.15123725808896454}, "80": {"IoU_TP": 4.075, "IoU_T": 40.825, "IoU_P": 79.475, "IoU_precision": 0.05134607708974799, "IoU_recall": 0.08531792664227102, "IoU_F1": 0.06301584450882274, "Mode_TP": 16.45, "Mode_T": 40.825, "Mode_P": 79.475, "Mode_precision": 0.20714682458748918, "Mode_recall": 0.3936753745551831, "Mode_F1": 0.2647314517089119, "Mode_TP_C": 243.45, "Mode_recall_C": 0.12465204365050322, "Purity": 0.35344061986084274, "AMI": 0.20423564171554948, "ARand": 0.0640975469216117, "ModeProb_TP": 8.4, "ModeProb_T": 40.825, "ModeProb_P": 79.975, "ModeProb_precision": 0.10501977848101265, "ModeProb_recall": 0.19911561473931, "ModeProb_F1": 0.13377035394471945}, "100": {"IoU_TP": 4.225, "IoU_T": 40.425, "IoU_P": 99.4, "IoU_precision": 0.042562358276643994, "IoU_recall": 0.08929108214781156, "IoU_F1": 0.05674910836602746, "Mode_TP": 19.125, "Mode_T": 40.425, "Mode_P": 99.4, "Mode_precision": 0.19254294363793625, "Mode_recall": 0.46096016770073184, "Mode_F1": 0.2651788996640099, "Mode_TP_C": 228.4, "Mode_recall_C": 0.11844664170629911, "Purity": 0.3731095867993725, "AMI": 0.1954631905514546, "ARand": 0.054006644064179335, "ModeProb_TP": 9.2, "ModeProb_T": 40.425, "ModeProb_P": 99.975, "ModeProb_precision": 0.09202020202020206, "ModeProb_recall": 0.22234056236495553, "ModeProb_F1": 0.12676829994284086}}