{"5": {"IoU_TP": 0.55, "IoU_T": 36.35, "IoU_P": 5.0, "IoU_precision": 0.11000000000000001, "IoU_recall": 0.017019003730866684, "IoU_F1": 0.029085620639705306, "Mode_TP": 2.9, "Mode_T": 36.35, "Mode_P": 5.0, "Mode_precision": 0.5800000000000001, "Mode_recall": 0.08428931815278712, "Mode_F1": 0.1454848848799958, "Mode_TP_C": 331.475, "Mode_recall_C": 0.13841983645264888, "Purity": 0.21699008026099126, "AMI": 0.134662277780196, "ARand": 0.050595348857641796, "ModeProb_TP": 1.8, "ModeProb_T": 36.35, "ModeProb_P": 5.0, "ModeProb_precision": 0.36, "ModeProb_recall": 0.054254989668036116, "ModeProb_F1": 0.09334644056883651}, "10": {"IoU_TP": 1.5, "IoU_T": 36.175, "IoU_P": 9.975, "IoU_precision": 0.15055555555555547, "IoU_recall": 0.05026403841199746, "IoU_F1": 0.07386705516588435, "Mode_TP": 4.525, "Mode_T": 36.175, "Mode_P": 9.975, "Mode_precision": 0.4536111111111111, "Mode_recall": 0.1396320918681227, "Mode_F1": 0.20983554189843118, "Mode_TP_C": 307.925, "Mode_recall_C": 0.14837828374122997, "Purity": 0.2566299791359479, "AMI": 0.17738621436021235, "ARand": 0.07380623122482405, "ModeProb_TP": 3.025, "ModeProb_T": 36.175, "ModeProb_P": 10.0, "ModeProb_precision": 0.3025, "ModeProb_recall": 0.09699734378610969, "ModeProb_F1": 0.1440546224470039}, "20": {"IoU_TP": 2.6, "IoU_T": 36.425, "IoU_P": 19.925, "IoU_precision": 0.13039473684210529, "IoU_recall": 0.081624037050684, "IoU_F1": 0.09792731654657846, "Mode_TP": 8.025, "Mode_T": 36.425, "Mode_P": 19.925, "Mode_precision": 0.4027631578947369, "Mode_recall": 0.24084573812406704, "Mode_F1": 0.2942499411387118, "Mode_TP_C": 313.225, "Mode_recall_C": 0.15198757291024703, "Purity": 0.29913674840269006, "AMI": 0.2104740339122698, "ARand": 0.08587601592515201, "ModeProb_TP": 5.425, "ModeProb_T": 36.425, "ModeProb_P": 19.975, "ModeProb_precision": 0.2715789473684211, "ModeProb_recall": 0.16986102034600642, "ModeProb_F1": 0.20410442069237472}, "30": {"IoU_TP": 2.875, "IoU_T": 35.625, "IoU_P": 29.925, "IoU_precision": 0.09600985221674879, "IoU_recall": 0.09393619954269446, "IoU_F1": 0.09300205796259918, "Mode_TP": 9.85, "Mode_T": 35.625, "Mode_P": 29.925, "Mode_precision": 0.3290660919540231, "Mode_recall": 0.3030206644205127, "Mode_F1": 0.3084198643628202, "Mode_TP_C": 314.725, "Mode_recall_C": 0.1562410556781016, "Purity": 0.32873763310136483, "AMI": 0.22336000255549715, "ARand": 0.09702257092117433, "ModeProb_TP": 5.45, "ModeProb_T": 35.625, "ModeProb_P": 30.0, "ModeProb_precision": 0.18166666666666673, "ModeProb_recall": 0.1733194652005124, "ModeProb_F1": 0.1737514660742545}, "40": {"IoU_TP": 3.375, "IoU_T": 36.075, "IoU_P": 39.925, "IoU_precision": 0.08455128205128204, "IoU_recall": 0.09652272694344279, "IoU_F1": 0.08821506801923278, "Mode_TP": 11.825, "Mode_T": 36.075, "Mode_P": 39.925, "Mode_precision": 0.2962179487179487, "Mode_recall": 0.3554415829396296, "Mode_F1": 0.3152809319974193, "Mode_TP_C": 300.25, "Mode_recall_C": 0.14599515217728504, "Purity": 0.3438591662802636, "AMI": 0.22546963571761128, "ARand": 0.09534665699835329, "ModeProb_TP": 6.4, "ModeProb_T": 36.075, "ModeProb_P": 40.0, "ModeProb_precision": 0.16000000000000003, "ModeProb_recall": 0.19225016164366054, "ModeProb_F1": 0.17071465329715313}, "50": {"IoU_TP": 2.8, "IoU_T": 35.55, "IoU_P": 49.825, "IoU_precision": 0.056295918367346966, "IoU_recall": 0.08040113758567928, "IoU_F1": 0.06482813103964628, "Mode_TP": 12.8, "Mode_T": 35.55, "Mode_P": 49.825, "Mode_precision": 0.25692857142857145, "Mode_recall": 0.3902355707734445, "Mode_F1": 0.30244025604050284, "Mode_TP_C": 299.275, "Mode_recall_C": 0.14454350231105179, "Purity": 0.3564660120223769, "AMI": 0.22225291064199032, "ARand": 0.09881139283795684, "ModeProb_TP": 6.075, "ModeProb_T": 35.55, "ModeProb_P": 49.975, "ModeProb_precision": 0.12158163265306124, "ModeProb_recall": 0.19072263994257208, "ModeProb_F1": 0.1452230100666304}, "60": {"IoU_TP": 3.675, "IoU_T": 36.3, "IoU_P": 59.825, "IoU_precision": 0.06147649313962875, "IoU_recall": 0.1051056442407882, "IoU_F1": 0.07623281233003544, "Mode_TP": 14.675, "Mode_T": 36.3, "Mode_P": 59.825, "Mode_precision": 0.2452567594834545, "Mode_recall": 0.43556464878240453, "Mode_F1": 0.30840236565367096, "Mode_TP_C": 300.025, "Mode_recall_C": 0.15204952250518916, "Purity": 0.3785520506059866, "AMI": 0.24162388557708442, "ARand": 0.09509577590530308, "ModeProb_TP": 7.5, "ModeProb_T": 36.3, "ModeProb_P": 59.975, "ModeProb_precision": 0.12506355932203383, "ModeProb_recall": 0.22264995860989986, "ModeProb_F1": 0.1577030544409354}, "70": {"IoU_TP": 3.175, "IoU_T": 36.175, "IoU_P": 69.65, "IoU_precision": 0.04567913331340439, "IoU_recall": 0.08645232041966584, "IoU_F1": 0.05896892313953891, "Mode_TP": 15.6, "Mode_T": 36.175, "Mode_P": 69.65, "Mode_precision": 0.22406951318076632, "Mode_recall": 0.46265951125157595, "Mode_F1": 0.2959480636870917, "Mode_TP_C": 284.975, "Mode_recall_C": 0.13706395483204198, "Purity": 0.3748722741058726, "AMI": 0.22292847872417187, "ARand": 0.08518618765213769, "ModeProb_TP": 6.775, "ModeProb_T": 36.175, "ModeProb_P": 70.0, "ModeProb_precision": 0.09678571428571428, "ModeProb_recall": 0.1993787644496394, "ModeProb_F1": 0.1281268882671398}, "80": {"IoU_TP": 3.05, "IoU_T": 36.225, "IoU_P": 79.575, "IoU_precision": 0.038351793248945144, "IoU_recall": 0.08125172298676588, "IoU_F1": 0.05140267774164072, "Mode_TP": 16.7, "Mode_T": 36.225, "Mode_P": 79.575, "Mode_precision": 0.20992220464135025, "Mode_recall": 0.49088324390857185, "Mode_F1": 0.28798546963871924, "Mode_TP_C": 294.85, "Mode_recall_C": 0.13911167078228925, "Purity": 0.3911405964520069, "AMI": 0.2304203068384087, "ARand": 0.08541687743480776, "ModeProb_TP": 7.175, "ModeProb_T": 36.225, "ModeProb_P": 79.95, "ModeProb_precision": 0.08977056962025318, "ModeProb_recall": 0.20983694491485064, "ModeProb_F1": 0.12369281874621038}, "100": {"IoU_TP": 2.775, "IoU_T": 35.875, "IoU_P": 99.1, "IoU_precision": 0.028042963558731038, "IoU_recall": 0.07681419185770819, "IoU_F1": 0.040528948716326056, "Mode_TP": 18.15, "Mode_T": 35.875, "Mode_P": 99.1, "Mode_precision": 0.18312913794669658, "Mode_recall": 0.5368474626680528, "Mode_F1": 0.2681050664174796, "Mode_TP_C": 281.325, "Mode_recall_C": 0.13083418006469696, "Purity": 0.40822386432975344, "AMI": 0.2259433993119803, "ARand": 0.07515449602346103, "ModeProb_TP": 7.05, "ModeProb_T": 35.875, "ModeProb_P": 99.975, "ModeProb_precision": 0.07052020202020204, "ModeProb_recall": 0.21214571946826605, "ModeProb_F1": 0.10416601906388004}}