{"5": {"IoU_TP": 0.65, "IoU_T": 40.85, "IoU_P": 4.975, "IoU_precision": 0.13000000000000003, "IoU_recall": 0.01585441781312832, "IoU_F1": 0.02799792094600345, "Mode_TP": 1.85, "Mode_T": 40.85, "Mode_P": 4.975, "Mode_precision": 0.3737499999999999, "Mode_recall": 0.04541452699212672, "Mode_F1": 0.08028975066118461, "Mode_TP_C": 132.825, "Mode_recall_C": 0.07273861604580308, "Purity": 0.18978687148426082, "AMI": 0.10050779656540179, "ARand": 0.022581850327444947, "ModeProb_TP": 1.6, "ModeProb_T": 40.85, "ModeProb_P": 4.975, "ModeProb_precision": 0.3224999999999998, "ModeProb_recall": 0.04206508338028832, "ModeProb_F1": 0.07323478411166076}, "10": {"IoU_TP": 1.5, "IoU_T": 40.6, "IoU_P": 10.0, "IoU_precision": 0.14999999999999997, "IoU_recall": 0.03670412646487075, "IoU_F1": 0.05782172874931224, "Mode_TP": 3.825, "Mode_T": 40.6, "Mode_P": 10.0, "Mode_precision": 0.3825, "Mode_recall": 0.09428960632277956, "Mode_F1": 0.1486372461521264, "Mode_TP_C": 173.075, "Mode_recall_C": 0.0911942208138364, "Purity": 0.22119102456316667, "AMI": 0.13505663312800037, "ARand": 0.03853445957962559, "ModeProb_TP": 2.725, "ModeProb_T": 40.6, "ModeProb_P": 10.0, "ModeProb_precision": 0.27249999999999996, "ModeProb_recall": 0.07221754540260353, "ModeProb_F1": 0.11129479798181593}, "20": {"IoU_TP": 2.675, "IoU_T": 40.825, "IoU_P": 19.975, "IoU_precision": 0.13407894736842108, "IoU_recall": 0.06249403617348844, "IoU_F1": 0.08261233328793065, "Mode_TP": 7.175, "Mode_T": 40.825, "Mode_P": 19.975, "Mode_precision": 0.3595394736842106, "Mode_recall": 0.17054279079274975, "Mode_F1": 0.22519581758051893, "Mode_TP_C": 222.425, "Mode_recall_C": 0.11686467148091484, "Purity": 0.2593549256373164, "AMI": 0.1718497888811054, "ARand": 0.05461131418555389, "ModeProb_TP": 4.975, "ModeProb_T": 40.825, "ModeProb_P": 19.975, "ModeProb_precision": 0.24921052631578947, "ModeProb_recall": 0.12321003258571486, "ModeProb_F1": 0.15921179471688635}, "30": {"IoU_TP": 3.75, "IoU_T": 40.775, "IoU_P": 30.0, "IoU_precision": 0.125, "IoU_recall": 0.08399525570449091, "IoU_F1": 0.09746298052798866, "Mode_TP": 9.375, "Mode_T": 40.775, "Mode_P": 30.0, "Mode_precision": 0.3125000000000001, "Mode_recall": 0.2235078588820511, "Mode_F1": 0.2534519156463469, "Mode_TP_C": 238.825, "Mode_recall_C": 0.1250413249873717, "Purity": 0.285509534454802, "AMI": 0.18705341107380585, "ARand": 0.06158228660340768, "ModeProb_TP": 6.25, "ModeProb_T": 40.775, "ModeProb_P": 30.0, "ModeProb_precision": 0.20833333333333334, "ModeProb_recall": 0.15193494985312467, "ModeProb_F1": 0.16957068038434703}, "40": {"IoU_TP": 3.925, "IoU_T": 39.925, "IoU_P": 39.9, "IoU_precision": 0.09844551282051281, "IoU_recall": 0.08930279625944976, "IoU_F1": 0.09087526485519262, "Mode_TP": 11.175, "Mode_T": 39.925, "Mode_P": 39.9, "Mode_precision": 0.2803044871794872, "Mode_recall": 0.27307943149287117, "Mode_F1": 0.26872217536464843, "Mode_TP_C": 235.675, "Mode_recall_C": 0.12449406009587298, "Purity": 0.3029759609564375, "AMI": 0.18991062941166506, "ARand": 0.06089615897549705, "ModeProb_TP": 6.85, "ModeProb_T": 39.925, "ModeProb_P": 40.0, "ModeProb_precision": 0.17124999999999999, "ModeProb_recall": 0.1689209428234559, "ModeProb_F1": 0.16374763030498168}, "50": {"IoU_TP": 4.075, "IoU_T": 40.825, "IoU_P": 49.925, "IoU_precision": 0.08165306122448981, "IoU_recall": 0.08874037664335682, "IoU_F1": 0.0828353285818216, "Mode_TP": 12.925, "Mode_T": 40.825, "Mode_P": 49.925, "Mode_precision": 0.2589897959183673, "Mode_recall": 0.3037268032667721, "Mode_F1": 0.27149885537700147, "Mode_TP_C": 247.9, "Mode_recall_C": 0.12617075556917562, "Purity": 0.3175548707091608, "AMI": 0.1935739571525842, "ARand": 0.06397614053830744, "ModeProb_TP": 7.65, "ModeProb_T": 40.825, "ModeProb_P": 50.0, "ModeProb_precision": 0.15299999999999997, "ModeProb_recall": 0.18463640239701248, "ModeProb_F1": 0.16134885953252215}, "60": {"IoU_TP": 3.9, "IoU_T": 40.375, "IoU_P": 59.825, "IoU_precision": 0.06521186440677963, "IoU_recall": 0.07991323821473366, "IoU_F1": 0.07041559390045053, "Mode_TP": 14.075, "Mode_T": 40.375, "Mode_P": 59.825, "Mode_precision": 0.23538135593220333, "Mode_recall": 0.3321209539814247, "Mode_F1": 0.2678319392711054, "Mode_TP_C": 234.675, "Mode_recall_C": 0.12188459787349011, "Purity": 0.3294372326542956, "AMI": 0.1899553324360162, "ARand": 0.06133023158760905, "ModeProb_TP": 7.475, "ModeProb_T": 40.375, "ModeProb_P": 59.975, "ModeProb_precision": 0.12465395480225985, "ModeProb_recall": 0.1787711793510715, "ModeProb_F1": 0.14146113866793247}, "70": {"IoU_TP": 4.0, "IoU_T": 40.875, "IoU_P": 69.525, "IoU_precision": 0.05748927118958772, "IoU_recall": 0.08705130990649494, "IoU_F1": 0.0678028761776528, "Mode_TP": 14.6, "Mode_T": 40.875, "Mode_P": 69.525, "Mode_precision": 0.209777387790469, "Mode_recall": 0.34571658263003563, "Mode_F1": 0.25451951747316637, "Mode_TP_C": 223.3, "Mode_recall_C": 0.11540305292536608, "Purity": 0.3366237691659784, "AMI": 0.1914594750478799, "ARand": 0.05751367956671938, "ModeProb_TP": 7.7, "ModeProb_T": 40.875, "ModeProb_P": 70.0, "ModeProb_precision": 0.10999999999999996, "ModeProb_recall": 0.181054776892209, "ModeProb_F1": 0.13289523104853346}, "80": {"IoU_TP": 3.9, "IoU_T": 40.475, "IoU_P": 79.575, "IoU_precision": 0.048984014644504484, "IoU_recall": 0.08083219037470254, "IoU_F1": 0.060099863910487626, "Mode_TP": 15.65, "Mode_T": 40.475, "Mode_P": 79.575, "Mode_precision": 0.19663276825020226, "Mode_recall": 0.38104414902681943, "Mode_F1": 0.2527694773714657, "Mode_TP_C": 231.475, "Mode_recall_C": 0.11851341768475736, "Purity": 0.350496858086634, "AMI": 0.19820464641799426, "ARand": 0.06224906554962647, "ModeProb_TP": 7.975, "ModeProb_T": 40.475, "ModeProb_P": 79.95, "ModeProb_precision": 0.0997349683544304, "ModeProb_recall": 0.1952688295931208, "ModeProb_F1": 0.12799740206594032}, "100": {"IoU_TP": 3.15, "IoU_T": 40.3, "IoU_P": 99.525, "IoU_precision": 0.03162631416202845, "IoU_recall": 0.06283589747670816, "IoU_F1": 0.041464493927233545, "Mode_TP": 18.075, "Mode_T": 40.3, "Mode_P": 99.525, "Mode_precision": 0.18152664399092971, "Mode_recall": 0.44317061958719284, "Mode_F1": 0.25102379582280826, "Mode_TP_C": 216.075, "Mode_recall_C": 0.11144786002184826, "Purity": 0.3680050202100421, "AMI": 0.18999824835183712, "ARand": 0.052476470430462184, "ModeProb_TP": 8.675, "ModeProb_T": 40.3, "ModeProb_P": 100.0, "ModeProb_precision": 0.08674999999999998, "ModeProb_recall": 0.21551378789821682, "ModeProb_F1": 0.12003804857570777}}