{"5": {"IoU_TP": 0.75, "IoU_T": 40.475, "IoU_P": 5.0, "IoU_precision": 0.15000000000000005, "IoU_recall": 0.0179380039720719, "IoU_F1": 0.031745093923114504, "Mode_TP": 2.075, "Mode_T": 40.475, "Mode_P": 5.0, "Mode_precision": 0.41500000000000004, "Mode_recall": 0.0527484110239579, "Mode_F1": 0.09266375244518008, "Mode_TP_C": 150.75, "Mode_recall_C": 0.07894587146007874, "Purity": 0.19629282391148956, "AMI": 0.09753137797235892, "ARand": 0.02599391457420728, "ModeProb_TP": 1.55, "ModeProb_T": 40.475, "ModeProb_P": 5.0, "ModeProb_precision": 0.3100000000000001, "ModeProb_recall": 0.04216911389134158, "ModeProb_F1": 0.0729809926040533}, "10": {"IoU_TP": 1.225, "IoU_T": 41.325, "IoU_P": 10.0, "IoU_precision": 0.12250000000000001, "IoU_recall": 0.03108370952862579, "IoU_F1": 0.0483375594813641, "Mode_TP": 3.85, "Mode_T": 41.325, "Mode_P": 10.0, "Mode_precision": 0.38499999999999995, "Mode_recall": 0.09495200455484977, "Mode_F1": 0.14929532072888768, "Mode_TP_C": 163.775, "Mode_recall_C": 0.08688157673883812, "Purity": 0.21486769767132344, "AMI": 0.1298699788101613, "ARand": 0.03588616724746741, "ModeProb_TP": 2.725, "ModeProb_T": 41.325, "ModeProb_P": 10.0, "ModeProb_precision": 0.2725, "ModeProb_recall": 0.07049970241266783, "ModeProb_F1": 0.10888625096983777}, "20": {"IoU_TP": 2.8, "IoU_T": 39.475, "IoU_P": 20.0, "IoU_precision": 0.13999999999999999, "IoU_recall": 0.06277920072522854, "IoU_F1": 0.08496125312511714, "Mode_TP": 7.225, "Mode_T": 39.475, "Mode_P": 20.0, "Mode_precision": 0.36124999999999996, "Mode_recall": 0.18137651616012876, "Mode_F1": 0.23500241803591942, "Mode_TP_C": 221.975, "Mode_recall_C": 0.11750884509371554, "Purity": 0.26880819908525055, "AMI": 0.17504741801082707, "ARand": 0.06089280267787518, "ModeProb_TP": 4.85, "ModeProb_T": 39.475, "ModeProb_P": 20.0, "ModeProb_precision": 0.2425, "ModeProb_recall": 0.12185572025801092, "ModeProb_F1": 0.1569161410554654}, "30": {"IoU_TP": 3.35, "IoU_T": 40.6, "IoU_P": 30.0, "IoU_precision": 0.11166666666666665, "IoU_recall": 0.07393901097847237, "IoU_F1": 0.08657999729780579, "Mode_TP": 9.125, "Mode_T": 40.6, "Mode_P": 30.0, "Mode_precision": 0.3041666666666668, "Mode_recall": 0.21840931743592776, "Mode_F1": 0.2465683210159601, "Mode_TP_C": 216.925, "Mode_recall_C": 0.11359198076483772, "Purity": 0.28617646398273494, "AMI": 0.18077317419209749, "ARand": 0.062120890390864325, "ModeProb_TP": 5.675, "ModeProb_T": 40.6, "ModeProb_P": 30.0, "ModeProb_precision": 0.18916666666666676, "ModeProb_recall": 0.13927860265690772, "ModeProb_F1": 0.1542658088374936}, "40": {"IoU_TP": 3.725, "IoU_T": 40.7, "IoU_P": 39.9, "IoU_precision": 0.09347756410256411, "IoU_recall": 0.08060665883897533, "IoU_F1": 0.08466755751173524, "Mode_TP": 11.675, "Mode_T": 40.7, "Mode_P": 39.9, "Mode_precision": 0.29264423076923074, "Mode_recall": 0.28253935474659303, "Mode_F1": 0.2793011299210519, "Mode_TP_C": 230.35, "Mode_recall_C": 0.11920953817411248, "Purity": 0.30490842488482084, "AMI": 0.18660573000177244, "ARand": 0.06178586378469486, "ModeProb_TP": 6.3, "ModeProb_T": 40.7, "ModeProb_P": 40.0, "ModeProb_precision": 0.1575, "ModeProb_recall": 0.14835737334253013, "ModeProb_F1": 0.1476659644861762}, "50": {"IoU_TP": 4.075, "IoU_T": 40.2, "IoU_P": 49.95, "IoU_precision": 0.08158163265306125, "IoU_recall": 0.08954027216943723, "IoU_F1": 0.08338340658718695, "Mode_TP": 13.575, "Mode_T": 40.2, "Mode_P": 49.95, "Mode_precision": 0.2718265306122449, "Mode_recall": 0.33855796588408615, "Mode_F1": 0.2920683019130483, "Mode_TP_C": 239.675, "Mode_recall_C": 0.12425324286309054, "Purity": 0.32223379471893504, "AMI": 0.19106575278007276, "ARand": 0.0628158188314894, "ModeProb_TP": 7.2, "ModeProb_T": 40.2, "ModeProb_P": 49.975, "ModeProb_precision": 0.14406122448979594, "ModeProb_recall": 0.1742475512438072, "ModeProb_F1": 0.15240129500986777}, "60": {"IoU_TP": 4.325, "IoU_T": 40.625, "IoU_P": 59.6, "IoU_precision": 0.0728060379616487, "IoU_recall": 0.0950944656465073, "IoU_F1": 0.08019690846339114, "Mode_TP": 14.825, "Mode_T": 40.625, "Mode_P": 59.6, "Mode_precision": 0.24924238470958224, "Mode_recall": 0.3605350669388213, "Mode_F1": 0.2860260351791225, "Mode_TP_C": 234.45, "Mode_recall_C": 0.12364841966269413, "Purity": 0.33386075133001303, "AMI": 0.19373585644093133, "ARand": 0.06078899683535668, "ModeProb_TP": 7.2, "ModeProb_T": 40.625, "ModeProb_P": 60.0, "ModeProb_precision": 0.12, "ModeProb_recall": 0.17229723450087525, "ModeProb_F1": 0.1367742911058521}, "70": {"IoU_TP": 4.475, "IoU_T": 41.025, "IoU_P": 69.775, "IoU_precision": 0.06408477797348658, "IoU_recall": 0.09911269466803065, "IoU_F1": 0.07594272312795895, "Mode_TP": 16.7, "Mode_T": 41.025, "Mode_P": 69.775, "Mode_precision": 0.23909273508235218, "Mode_recall": 0.40358363893157145, "Mode_F1": 0.29177918529948516, "Mode_TP_C": 239.45, "Mode_recall_C": 0.12417472250098541, "Purity": 0.3479537645902229, "AMI": 0.19819412322200233, "ARand": 0.061265086547177196, "ModeProb_TP": 7.95, "ModeProb_T": 41.025, "ModeProb_P": 69.975, "ModeProb_precision": 0.11358695652173915, "ModeProb_recall": 0.1885980289245731, "ModeProb_F1": 0.1373951987692999}, "80": {"IoU_TP": 3.8, "IoU_T": 40.0, "IoU_P": 79.35, "IoU_precision": 0.04801674591231553, "IoU_recall": 0.0769777778291185, "IoU_F1": 0.05835827327088443, "Mode_TP": 17.125, "Mode_T": 40.0, "Mode_P": 79.35, "Mode_precision": 0.21591602358611853, "Mode_recall": 0.43114791155633203, "Mode_F1": 0.27937118729480226, "Mode_TP_C": 213.35, "Mode_recall_C": 0.11190547002193059, "Purity": 0.3516591367454039, "AMI": 0.18503318258386164, "ARand": 0.05128435677398811, "ModeProb_TP": 7.725, "ModeProb_T": 40.0, "ModeProb_P": 79.95, "ModeProb_precision": 0.09664161392405063, "ModeProb_recall": 0.18778605826563818, "ModeProb_F1": 0.12376917429484213}, "100": {"IoU_TP": 4.5, "IoU_T": 41.625, "IoU_P": 98.1, "IoU_precision": 0.04584261433542703, "IoU_recall": 0.09376938747275862, "IoU_F1": 0.06061155137031264, "Mode_TP": 20.425, "Mode_T": 41.625, "Mode_P": 98.1, "Mode_precision": 0.20844918510474467, "Mode_recall": 0.48124301518570156, "Mode_F1": 0.28393902465690485, "Mode_TP_C": 234.275, "Mode_recall_C": 0.11869526942458097, "Purity": 0.3722255305983356, "AMI": 0.1942977306000821, "ARand": 0.05430608556075377, "ModeProb_TP": 9.7, "ModeProb_T": 41.625, "ModeProb_P": 99.975, "ModeProb_precision": 0.09703787878787878, "ModeProb_recall": 0.22222226038497933, "ModeProb_F1": 0.13211665168202227}}