{"5": {"IoU_TP": 0.55, "IoU_T": 40.4, "IoU_P": 4.975, "IoU_precision": 0.11125000000000003, "IoU_recall": 0.014517894067080431, "IoU_F1": 0.025472428709392186, "Mode_TP": 1.725, "Mode_T": 40.4, "Mode_P": 4.975, "Mode_precision": 0.34624999999999995, "Mode_recall": 0.045248081945820626, "Mode_F1": 0.07914067384633061, "Mode_TP_C": 139.3, "Mode_recall_C": 0.07452779563083341, "Purity": 0.19703401835437867, "AMI": 0.10827082752297876, "ARand": 0.0277089757332295, "ModeProb_TP": 1.5, "ModeProb_T": 40.4, "ModeProb_P": 4.975, "ModeProb_precision": 0.30125, "ModeProb_recall": 0.0409775980611586, "ModeProb_F1": 0.070906445677311}, "10": {"IoU_TP": 1.125, "IoU_T": 40.625, "IoU_P": 9.975, "IoU_precision": 0.11250000000000004, "IoU_recall": 0.027554154531418257, "IoU_F1": 0.04343578484659964, "Mode_TP": 3.325, "Mode_T": 40.625, "Mode_P": 9.975, "Mode_precision": 0.3327777777777778, "Mode_recall": 0.08189298199152276, "Mode_F1": 0.12907851043368326, "Mode_TP_C": 161.45, "Mode_recall_C": 0.0855345828960993, "Purity": 0.21444724383903785, "AMI": 0.14089438573820787, "ARand": 0.04309562949049573, "ModeProb_TP": 2.5, "ModeProb_T": 40.625, "ModeProb_P": 9.975, "ModeProb_precision": 0.25055555555555553, "ModeProb_recall": 0.0656977191695112, "ModeProb_F1": 0.10156349961585409}, "20": {"IoU_TP": 2.4, "IoU_T": 39.625, "IoU_P": 19.975, "IoU_precision": 0.12026315789473682, "IoU_recall": 0.05732999611923978, "IoU_F1": 0.07541558800908722, "Mode_TP": 7.3, "Mode_T": 39.625, "Mode_P": 19.975, "Mode_precision": 0.36565789473684207, "Mode_recall": 0.1809371017131443, "Mode_F1": 0.23586440586524088, "Mode_TP_C": 241.925, "Mode_recall_C": 0.12951522907826177, "Purity": 0.264551247346548, "AMI": 0.18006816344564006, "ARand": 0.06159537857294815, "ModeProb_TP": 4.625, "ModeProb_T": 39.625, "ModeProb_P": 20.0, "ModeProb_precision": 0.23124999999999996, "ModeProb_recall": 0.11872282767101039, "ModeProb_F1": 0.15123002399557256}, "30": {"IoU_TP": 3.175, "IoU_T": 40.5, "IoU_P": 29.825, "IoU_precision": 0.10683908045977017, "IoU_recall": 0.0713779918158929, "IoU_F1": 0.08317154988117534, "Mode_TP": 10.05, "Mode_T": 40.5, "Mode_P": 29.825, "Mode_precision": 0.33764367816091967, "Mode_recall": 0.24246778421744622, "Mode_F1": 0.27394602180402666, "Mode_TP_C": 271.85, "Mode_recall_C": 0.13970926156901461, "Purity": 0.28958276192960025, "AMI": 0.19673930006480778, "ARand": 0.07272439807888408, "ModeProb_TP": 5.875, "ModeProb_T": 40.5, "ModeProb_P": 29.975, "ModeProb_precision": 0.19612068965517251, "ModeProb_recall": 0.14599924206885376, "ModeProb_F1": 0.16107765806530833}, "40": {"IoU_TP": 2.85, "IoU_T": 40.8, "IoU_P": 39.925, "IoU_precision": 0.07134615384615382, "IoU_recall": 0.0626187963328564, "IoU_F1": 0.06501363142225872, "Mode_TP": 11.875, "Mode_T": 40.8, "Mode_P": 39.925, "Mode_precision": 0.2974198717948718, "Mode_recall": 0.2817618054919776, "Mode_F1": 0.2814842244860992, "Mode_TP_C": 250.6, "Mode_recall_C": 0.1308259392659165, "Purity": 0.3007555664509806, "AMI": 0.19597405587725714, "ARand": 0.06806839940384574, "ModeProb_TP": 6.6, "ModeProb_T": 40.8, "ModeProb_P": 40.0, "ModeProb_precision": 0.1650000000000001, "ModeProb_recall": 0.16248005975913066, "ModeProb_F1": 0.15748971470333312}, "50": {"IoU_TP": 3.65, "IoU_T": 39.7, "IoU_P": 49.7, "IoU_precision": 0.07349362244897961, "IoU_recall": 0.08057885667592982, "IoU_F1": 0.07515096458880273, "Mode_TP": 13.175, "Mode_T": 39.7, "Mode_P": 49.7, "Mode_precision": 0.2650565476190476, "Mode_recall": 0.320424209285833, "Mode_F1": 0.2826352432231404, "Mode_TP_C": 263.375, "Mode_recall_C": 0.13563672214589984, "Purity": 0.32376502818534014, "AMI": 0.2039918528258477, "ARand": 0.07105418930612319, "ModeProb_TP": 6.775, "ModeProb_T": 39.7, "ModeProb_P": 49.975, "ModeProb_precision": 0.13555102040816328, "ModeProb_recall": 0.1655239555921338, "ModeProb_F1": 0.14424529046243767}, "60": {"IoU_TP": 3.925, "IoU_T": 40.425, "IoU_P": 59.675, "IoU_precision": 0.0657286187414767, "IoU_recall": 0.08586585469625638, "IoU_F1": 0.07296685642154137, "Mode_TP": 14.525, "Mode_T": 40.425, "Mode_P": 59.675, "Mode_precision": 0.24316116306253646, "Mode_recall": 0.34380933981490747, "Mode_F1": 0.2786948020711009, "Mode_TP_C": 262.3, "Mode_recall_C": 0.13233588671132507, "Purity": 0.3379704073317339, "AMI": 0.2053790185540628, "ARand": 0.07031015262324873, "ModeProb_TP": 7.675, "ModeProb_T": 40.425, "ModeProb_P": 59.975, "ModeProb_precision": 0.12795903954802257, "ModeProb_recall": 0.1830293484749456, "ModeProb_F1": 0.14641977572602047}, "70": {"IoU_TP": 4.425, "IoU_T": 40.825, "IoU_P": 69.575, "IoU_precision": 0.06351746825212298, "IoU_recall": 0.09685015726952358, "IoU_F1": 0.07516561866480068, "Mode_TP": 17.2, "Mode_T": 40.825, "Mode_P": 69.575, "Mode_precision": 0.2472387927503016, "Mode_recall": 0.4104788578386622, "Mode_F1": 0.3009229841409839, "Mode_TP_C": 265.975, "Mode_recall_C": 0.13701560162186538, "Purity": 0.34838094143854387, "AMI": 0.20914635657233333, "ARand": 0.06898803805414104, "ModeProb_TP": 8.35, "ModeProb_T": 40.825, "ModeProb_P": 69.975, "ModeProb_precision": 0.11930124223602485, "ModeProb_recall": 0.1975896447152818, "ModeProb_F1": 0.14472539980190505}, "80": {"IoU_TP": 4.05, "IoU_T": 40.275, "IoU_P": 79.6, "IoU_precision": 0.05083952044790653, "IoU_recall": 0.08816863391065696, "IoU_F1": 0.0633717357680758, "Mode_TP": 17.7, "Mode_T": 40.275, "Mode_P": 79.6, "Mode_precision": 0.22218719571567677, "Mode_recall": 0.4309340577520432, "Mode_F1": 0.28682058132670296, "Mode_TP_C": 253.525, "Mode_recall_C": 0.13112268121053686, "Purity": 0.35585059098824384, "AMI": 0.20179334404913737, "ARand": 0.06277892968635398, "ModeProb_TP": 8.525, "ModeProb_T": 40.275, "ModeProb_P": 79.975, "ModeProb_precision": 0.10662579113924053, "ModeProb_recall": 0.20239849948978467, "ModeProb_F1": 0.13650422026433406}, "100": {"IoU_TP": 4.55, "IoU_T": 40.35, "IoU_P": 99.275, "IoU_precision": 0.04582761930529789, "IoU_recall": 0.09633622857354998, "IoU_F1": 0.06124450781298115, "Mode_TP": 20.05, "Mode_T": 40.35, "Mode_P": 99.275, "Mode_precision": 0.20197998466412498, "Mode_recall": 0.4934783470636278, "Mode_F1": 0.279817081286899, "Mode_TP_C": 260.775, "Mode_recall_C": 0.13287722752956735, "Purity": 0.38257848344254786, "AMI": 0.2067151236952356, "ARand": 0.06586320316549651, "ModeProb_TP": 8.975, "ModeProb_T": 40.35, "ModeProb_P": 100.0, "ModeProb_precision": 0.08975000000000001, "ModeProb_recall": 0.21433939163359383, "ModeProb_F1": 0.12327338006052799}}