{"5": {"IoU_TP": 1.275, "IoU_T": 36.4, "IoU_P": 5.0, "IoU_precision": 0.255, "IoU_recall": 0.03905639819149926, "IoU_F1": 0.06686215476211925, "Mode_TP": 2.875, "Mode_T": 36.4, "Mode_P": 5.0, "Mode_precision": 0.5750000000000001, "Mode_recall": 0.08341786300576184, "Mode_F1": 0.14374789927272252, "Mode_TP_C": 303.125, "Mode_recall_C": 0.12222893715977194, "Purity": 0.21799624191705064, "AMI": 0.13499708093516535, "ARand": 0.03794233821147555, "ModeProb_TP": 2.05, "ModeProb_T": 36.4, "ModeProb_P": 5.0, "ModeProb_precision": 0.41, "ModeProb_recall": 0.06437777880713866, "ModeProb_F1": 0.10983984028482759}, "10": {"IoU_TP": 2.3, "IoU_T": 36.3, "IoU_P": 9.975, "IoU_precision": 0.23055555555555549, "IoU_recall": 0.07593473849763245, "IoU_F1": 0.1123226282915826, "Mode_TP": 4.9, "Mode_T": 36.3, "Mode_P": 9.975, "Mode_precision": 0.491388888888889, "Mode_recall": 0.14882607089782754, "Mode_F1": 0.2245038004783447, "Mode_TP_C": 312.35, "Mode_recall_C": 0.1460766305921474, "Purity": 0.27178637979923714, "AMI": 0.19557135635346873, "ARand": 0.07346447311117883, "ModeProb_TP": 3.725, "ModeProb_T": 36.3, "ModeProb_P": 10.0, "ModeProb_precision": 0.37249999999999983, "ModeProb_recall": 0.11785408856859854, "ModeProb_F1": 0.17581415227363717}, "20": {"IoU_TP": 2.825, "IoU_T": 35.55, "IoU_P": 20.0, "IoU_precision": 0.14124999999999996, "IoU_recall": 0.0892639373436282, "IoU_F1": 0.10680646529564812, "Mode_TP": 7.425, "Mode_T": 35.55, "Mode_P": 20.0, "Mode_precision": 0.3712499999999999, "Mode_recall": 0.22822247413484983, "Mode_F1": 0.27590664735510206, "Mode_TP_C": 296.225, "Mode_recall_C": 0.14351704722227948, "Purity": 0.30071975734088346, "AMI": 0.20046112260378607, "ARand": 0.08636350069173752, "ModeProb_TP": 4.9, "ModeProb_T": 35.55, "ModeProb_P": 20.0, "ModeProb_precision": 0.24499999999999997, "ModeProb_recall": 0.15566471909916743, "ModeProb_F1": 0.18590175740245046}, "30": {"IoU_TP": 3.55, "IoU_T": 36.325, "IoU_P": 29.975, "IoU_precision": 0.11841954022988506, "IoU_recall": 0.1071936397820334, "IoU_F1": 0.11039750887922802, "Mode_TP": 10.375, "Mode_T": 36.325, "Mode_P": 29.975, "Mode_precision": 0.34617816091954035, "Mode_recall": 0.30905431155062185, "Mode_F1": 0.31917688148879525, "Mode_TP_C": 309.325, "Mode_recall_C": 0.15131468037783977, "Purity": 0.3284789487834706, "AMI": 0.2214305765664661, "ARand": 0.08863520704187786, "ModeProb_TP": 6.225, "ModeProb_T": 36.325, "ModeProb_P": 29.975, "ModeProb_precision": 0.20764367816091953, "ModeProb_recall": 0.191442993068634, "ModeProb_F1": 0.1950485194743174}, "40": {"IoU_TP": 3.55, "IoU_T": 36.175, "IoU_P": 39.875, "IoU_precision": 0.08899207152496627, "IoU_recall": 0.10475647818604428, "IoU_F1": 0.09415125432352864, "Mode_TP": 11.45, "Mode_T": 36.175, "Mode_P": 39.875, "Mode_precision": 0.28704116059379214, "Mode_recall": 0.3426555629638022, "Mode_F1": 0.3044480626826723, "Mode_TP_C": 285.925, "Mode_recall_C": 0.139475826032074, "Purity": 0.3383100435963482, "AMI": 0.21489950726096513, "ARand": 0.08632379511332236, "ModeProb_TP": 6.2, "ModeProb_T": 36.175, "ModeProb_P": 39.975, "ModeProb_precision": 0.1550641025641026, "ModeProb_recall": 0.18975557094653153, "ModeProb_F1": 0.1666846808011738}, "50": {"IoU_TP": 3.5, "IoU_T": 35.65, "IoU_P": 49.8, "IoU_precision": 0.07033163265306125, "IoU_recall": 0.10490401019881927, "IoU_F1": 0.08240460142300553, "Mode_TP": 13.025, "Mode_T": 35.65, "Mode_P": 49.8, "Mode_precision": 0.26153188775510205, "Mode_recall": 0.40218172853206074, "Mode_F1": 0.30936613706778965, "Mode_TP_C": 296.65, "Mode_recall_C": 0.14553124076365448, "Purity": 0.3531434122476872, "AMI": 0.21980155319933878, "ARand": 0.09988002087307182, "ModeProb_TP": 6.725, "ModeProb_T": 35.65, "ModeProb_P": 50.0, "ModeProb_precision": 0.1345, "ModeProb_recall": 0.21046039533898103, "ModeProb_F1": 0.16062554775822327}, "60": {"IoU_TP": 3.85, "IoU_T": 35.975, "IoU_P": 59.775, "IoU_precision": 0.06448714202220925, "IoU_recall": 0.10964781289796217, "IoU_F1": 0.07971212722319168, "Mode_TP": 14.0, "Mode_T": 35.975, "Mode_P": 59.775, "Mode_precision": 0.23435807519968824, "Mode_recall": 0.41717629582350985, "Mode_F1": 0.29353236660113036, "Mode_TP_C": 284.35, "Mode_recall_C": 0.14033203858027415, "Purity": 0.3677020006416073, "AMI": 0.2212209796793685, "ARand": 0.08589589527404765, "ModeProb_TP": 7.525, "ModeProb_T": 35.975, "ModeProb_P": 59.95, "ModeProb_precision": 0.12557203389830512, "ModeProb_recall": 0.22652003453723993, "ModeProb_F1": 0.15824915504109918}, "70": {"IoU_TP": 4.05, "IoU_T": 35.9, "IoU_P": 69.55, "IoU_precision": 0.05838482257394727, "IoU_recall": 0.11840728022273746, "IoU_F1": 0.07656151691507054, "Mode_TP": 14.75, "Mode_T": 35.9, "Mode_P": 69.55, "Mode_precision": 0.21211515577855242, "Mode_recall": 0.44168928094148835, "Mode_F1": 0.2802006591187317, "Mode_TP_C": 308.55, "Mode_recall_C": 0.14811098668328032, "Purity": 0.3881786394635, "AMI": 0.22756248332685775, "ARand": 0.10587475544937971, "ModeProb_TP": 7.3, "ModeProb_T": 35.9, "ModeProb_P": 70.0, "ModeProb_precision": 0.10428571428571431, "ModeProb_recall": 0.22288618124355125, "ModeProb_F1": 0.13922987456090533}, "80": {"IoU_TP": 3.875, "IoU_T": 35.525, "IoU_P": 79.375, "IoU_precision": 0.048862759339816306, "IoU_recall": 0.11236457910209208, "IoU_F1": 0.066991389954902, "Mode_TP": 15.775, "Mode_T": 35.525, "Mode_P": 79.375, "Mode_precision": 0.19868353481961082, "Mode_recall": 0.4708867235329842, "Mode_F1": 0.2743615539133736, "Mode_TP_C": 300.3, "Mode_recall_C": 0.14200787508583348, "Purity": 0.3912683978932635, "AMI": 0.22626635953528548, "ARand": 0.0986219805485491, "ModeProb_TP": 7.45, "ModeProb_T": 35.525, "ModeProb_P": 79.975, "ModeProb_precision": 0.09314477848101263, "ModeProb_recall": 0.22650051641417507, "ModeProb_F1": 0.12983087290565887}, "100": {"IoU_TP": 3.225, "IoU_T": 35.8, "IoU_P": 98.45, "IoU_precision": 0.03282868558691757, "IoU_recall": 0.09118837825544023, "IoU_F1": 0.047439012565428054, "Mode_TP": 17.025, "Mode_T": 35.8, "Mode_P": 98.45, "Mode_precision": 0.17292178688259968, "Mode_recall": 0.5067906678389251, "Mode_F1": 0.2529482142089219, "Mode_TP_C": 269.3, "Mode_recall_C": 0.13041275694848004, "Purity": 0.40278461510157293, "AMI": 0.2177294857926037, "ARand": 0.08265580998593598, "ModeProb_TP": 7.125, "ModeProb_T": 35.8, "ModeProb_P": 99.975, "ModeProb_precision": 0.07126515151515152, "ModeProb_recall": 0.21707317607773122, "ModeProb_F1": 0.10545423693330032}}