{"5": {"IoU_TP": 0.475, "IoU_T": 40.525, "IoU_P": 5.0, "IoU_precision": 0.09500000000000004, "IoU_recall": 0.012934537819881905, "IoU_F1": 0.022398881954450382, "Mode_TP": 2.0, "Mode_T": 40.525, "Mode_P": 5.0, "Mode_precision": 0.39999999999999986, "Mode_recall": 0.05018584318807116, "Mode_F1": 0.08824665063440187, "Mode_TP_C": 142.275, "Mode_recall_C": 0.07558539476942104, "Purity": 0.18986241007054153, "AMI": 0.11518110394778455, "ARand": 0.025699532652953577, "ModeProb_TP": 1.65, "ModeProb_T": 40.525, "ModeProb_P": 5.0, "ModeProb_precision": 0.32999999999999996, "ModeProb_recall": 0.046375989438929496, "ModeProb_F1": 0.07979098601635433}, "10": {"IoU_TP": 1.4, "IoU_T": 40.225, "IoU_P": 10.0, "IoU_precision": 0.14000000000000004, "IoU_recall": 0.03732618050060895, "IoU_F1": 0.05765515170611213, "Mode_TP": 4.075, "Mode_T": 40.225, "Mode_P": 10.0, "Mode_precision": 0.4075000000000001, "Mode_recall": 0.10450243250229654, "Mode_F1": 0.16311625473523814, "Mode_TP_C": 175.45, "Mode_recall_C": 0.09679081979482473, "Purity": 0.22098481929379946, "AMI": 0.15403196192644195, "ARand": 0.0446410157857633, "ModeProb_TP": 2.775, "ModeProb_T": 40.225, "ModeProb_P": 10.0, "ModeProb_precision": 0.2775, "ModeProb_recall": 0.0732237008211564, "ModeProb_F1": 0.11299675254626976}, "20": {"IoU_TP": 2.225, "IoU_T": 40.35, "IoU_P": 19.975, "IoU_precision": 0.11131578947368415, "IoU_recall": 0.05430042472598595, "IoU_F1": 0.07031847556999474, "Mode_TP": 7.25, "Mode_T": 40.35, "Mode_P": 19.975, "Mode_precision": 0.3627631578947369, "Mode_recall": 0.17995038195477792, "Mode_F1": 0.23380071664448238, "Mode_TP_C": 201.275, "Mode_recall_C": 0.10789234408160742, "Purity": 0.2592643988216688, "AMI": 0.17537111040079836, "ARand": 0.0535862670529081, "ModeProb_TP": 4.825, "ModeProb_T": 40.35, "ModeProb_P": 19.975, "ModeProb_precision": 0.2413815789473684, "ModeProb_recall": 0.12179712847331889, "ModeProb_F1": 0.1560506694569625}, "30": {"IoU_TP": 3.1, "IoU_T": 40.075, "IoU_P": 29.975, "IoU_precision": 0.10333333333333336, "IoU_recall": 0.07206379226093515, "IoU_F1": 0.08238850727247551, "Mode_TP": 10.125, "Mode_T": 40.075, "Mode_P": 29.975, "Mode_precision": 0.3375862068965517, "Mode_recall": 0.2489505291075224, "Mode_F1": 0.278118603784574, "Mode_TP_C": 235.075, "Mode_recall_C": 0.12232388472838182, "Purity": 0.2902580169536165, "AMI": 0.19047954494990865, "ARand": 0.061864737645913936, "ModeProb_TP": 6.05, "ModeProb_T": 40.075, "ModeProb_P": 29.975, "ModeProb_precision": 0.20175287356321842, "ModeProb_recall": 0.14681662669215564, "ModeProb_F1": 0.16425920275712802}, "40": {"IoU_TP": 3.275, "IoU_T": 39.875, "IoU_P": 40.0, "IoU_precision": 0.08187499999999999, "IoU_recall": 0.07358576472651787, "IoU_F1": 0.07521180563538017, "Mode_TP": 11.325, "Mode_T": 39.875, "Mode_P": 40.0, "Mode_precision": 0.28312499999999996, "Mode_recall": 0.2792905604860832, "Mode_F1": 0.2722670531190885, "Mode_TP_C": 245.725, "Mode_recall_C": 0.12693996161136795, "Purity": 0.31036506642172096, "AMI": 0.19685626555464705, "ARand": 0.0662986578013319, "ModeProb_TP": 6.575, "ModeProb_T": 39.875, "ModeProb_P": 40.0, "ModeProb_precision": 0.16437500000000002, "ModeProb_recall": 0.16055524738899474, "ModeProb_F1": 0.15641871331033755}, "50": {"IoU_TP": 3.0, "IoU_T": 39.8, "IoU_P": 49.875, "IoU_precision": 0.060183673469387765, "IoU_recall": 0.06657468570583615, "IoU_F1": 0.06170109573588589, "Mode_TP": 12.8, "Mode_T": 39.8, "Mode_P": 49.875, "Mode_precision": 0.25671428571428573, "Mode_recall": 0.3168782563460897, "Mode_F1": 0.2758431820590385, "Mode_TP_C": 230.025, "Mode_recall_C": 0.12042064977184548, "Purity": 0.31313466368906256, "AMI": 0.1886376987077458, "ARand": 0.05890710538661129, "ModeProb_TP": 6.65, "ModeProb_T": 39.8, "ModeProb_P": 50.0, "ModeProb_precision": 0.133, "ModeProb_recall": 0.1636183196578354, "ModeProb_F1": 0.1417637028520041}, "60": {"IoU_TP": 3.55, "IoU_T": 40.6, "IoU_P": 59.9, "IoU_precision": 0.05927259887005648, "IoU_recall": 0.0765419444128977, "IoU_F1": 0.06523911722294184, "Mode_TP": 14.15, "Mode_T": 40.6, "Mode_P": 59.9, "Mode_precision": 0.23625000000000007, "Mode_recall": 0.3347847040699937, "Mode_F1": 0.2696146284802721, "Mode_TP_C": 228.225, "Mode_recall_C": 0.11489608304669788, "Purity": 0.32881306672830607, "AMI": 0.19318992528497544, "ARand": 0.059155084991267946, "ModeProb_TP": 7.675, "ModeProb_T": 40.6, "ModeProb_P": 60.0, "ModeProb_precision": 0.12791666666666662, "ModeProb_recall": 0.18290749341628568, "ModeProb_F1": 0.145831919444719}, "70": {"IoU_TP": 3.35, "IoU_T": 40.825, "IoU_P": 69.575, "IoU_precision": 0.0481069601753745, "IoU_recall": 0.07332390470396752, "IoU_F1": 0.056702141963784466, "Mode_TP": 15.525, "Mode_T": 40.825, "Mode_P": 69.575, "Mode_precision": 0.22291483984898303, "Mode_recall": 0.3651712791691032, "Mode_F1": 0.2692805696335932, "Mode_TP_C": 225.025, "Mode_recall_C": 0.11422521376412598, "Purity": 0.3361520304586346, "AMI": 0.18756894783228076, "ARand": 0.05645598079092708, "ModeProb_TP": 8.075, "ModeProb_T": 40.825, "ModeProb_P": 69.975, "ModeProb_precision": 0.11538819875776393, "ModeProb_recall": 0.19214083125016387, "ModeProb_F1": 0.13919957385034826}, "80": {"IoU_TP": 3.375, "IoU_T": 40.0, "IoU_P": 79.575, "IoU_precision": 0.04248604562770119, "IoU_recall": 0.0741966063566257, "IoU_F1": 0.052822278594248075, "Mode_TP": 16.2, "Mode_T": 40.0, "Mode_P": 79.575, "Mode_precision": 0.20366814217871845, "Mode_recall": 0.39962131975183335, "Mode_F1": 0.2629348751388557, "Mode_TP_C": 217.925, "Mode_recall_C": 0.11258832395362639, "Purity": 0.34589768374399454, "AMI": 0.18581913644994644, "ARand": 0.05306881886860937, "ModeProb_TP": 7.575, "ModeProb_T": 40.0, "ModeProb_P": 79.925, "ModeProb_precision": 0.09476661392405064, "ModeProb_recall": 0.183683700128549, "ModeProb_F1": 0.12137569512322184}, "100": {"IoU_TP": 3.125, "IoU_T": 39.55, "IoU_P": 98.975, "IoU_precision": 0.03155856375664916, "IoU_recall": 0.07168358900040543, "IoU_F1": 0.0428573456367939, "Mode_TP": 18.275, "Mode_T": 39.55, "Mode_P": 98.975, "Mode_precision": 0.18445938875393958, "Mode_recall": 0.4616540305760988, "Mode_F1": 0.2578028523817729, "Mode_TP_C": 219.425, "Mode_recall_C": 0.11454665752950817, "Purity": 0.3694360822196005, "AMI": 0.18710521616497097, "ARand": 0.05345504156052694, "ModeProb_TP": 8.325, "ModeProb_T": 39.55, "ModeProb_P": 100.0, "ModeProb_precision": 0.08324999999999996, "ModeProb_recall": 0.2048353012877448, "ModeProb_F1": 0.11543140948911224}}