{"5": {"IoU_TP": 0.775, "IoU_T": 35.85, "IoU_P": 5.0, "IoU_precision": 0.15500000000000008, "IoU_recall": 0.025789111669794685, "IoU_F1": 0.04366446891483528, "Mode_TP": 2.65, "Mode_T": 35.85, "Mode_P": 5.0, "Mode_precision": 0.53, "Mode_recall": 0.07913093987047891, "Mode_F1": 0.13607301912475814, "Mode_TP_C": 327.275, "Mode_recall_C": 0.1409846613741336, "Purity": 0.22500208707882474, "AMI": 0.14054950465501434, "ARand": 0.047561156430553836, "ModeProb_TP": 2.0, "ModeProb_T": 35.85, "ModeProb_P": 5.0, "ModeProb_precision": 0.3999999999999999, "ModeProb_recall": 0.06492379023681707, "ModeProb_F1": 0.11048258891105822}, "10": {"IoU_TP": 2.05, "IoU_T": 35.625, "IoU_P": 10.0, "IoU_precision": 0.205, "IoU_recall": 0.06753987514461388, "IoU_F1": 0.0996328421411878, "Mode_TP": 5.125, "Mode_T": 35.625, "Mode_P": 10.0, "Mode_precision": 0.5125, "Mode_recall": 0.15470740205227942, "Mode_F1": 0.23327177415743297, "Mode_TP_C": 342.475, "Mode_recall_C": 0.15770862608543074, "Purity": 0.2615105791905644, "AMI": 0.17952678570835837, "ARand": 0.0635902750308325, "ModeProb_TP": 3.85, "ModeProb_T": 35.625, "ModeProb_P": 10.0, "ModeProb_precision": 0.3850000000000002, "ModeProb_recall": 0.12276298398483135, "ModeProb_F1": 0.1827365616628584}, "20": {"IoU_TP": 2.6, "IoU_T": 35.925, "IoU_P": 19.925, "IoU_precision": 0.1307236842105263, "IoU_recall": 0.08078207567213096, "IoU_F1": 0.09708266522339479, "Mode_TP": 7.725, "Mode_T": 35.925, "Mode_P": 19.925, "Mode_precision": 0.3879605263157894, "Mode_recall": 0.2304079311498571, "Mode_F1": 0.28180403353941624, "Mode_TP_C": 326.05, "Mode_recall_C": 0.1547257933308191, "Purity": 0.29893537108460205, "AMI": 0.20816999311965162, "ARand": 0.08666993850191904, "ModeProb_TP": 4.925, "ModeProb_T": 35.925, "ModeProb_P": 20.0, "ModeProb_precision": 0.24625, "ModeProb_recall": 0.15086570868005703, "ModeProb_F1": 0.18261011404317967}, "30": {"IoU_TP": 3.175, "IoU_T": 35.475, "IoU_P": 29.925, "IoU_precision": 0.10614942528735641, "IoU_recall": 0.09368515443268607, "IoU_F1": 0.09720426258235074, "Mode_TP": 9.675, "Mode_T": 35.475, "Mode_P": 29.925, "Mode_precision": 0.3233333333333335, "Mode_recall": 0.29546362329686915, "Mode_F1": 0.3009095449484068, "Mode_TP_C": 292.725, "Mode_recall_C": 0.14142839207668595, "Purity": 0.3118438178918544, "AMI": 0.20434708988310618, "ARand": 0.0718184074341385, "ModeProb_TP": 5.65, "ModeProb_T": 35.475, "ModeProb_P": 29.975, "ModeProb_precision": 0.18850574712643683, "ModeProb_recall": 0.17499722980926335, "ModeProb_F1": 0.17705681817530725}, "40": {"IoU_TP": 3.475, "IoU_T": 36.3, "IoU_P": 39.875, "IoU_precision": 0.08706730769230768, "IoU_recall": 0.0974902823438471, "IoU_F1": 0.09003641976747181, "Mode_TP": 11.275, "Mode_T": 36.3, "Mode_P": 39.875, "Mode_precision": 0.2826762820512821, "Mode_recall": 0.31879259191326537, "Mode_F1": 0.29317366410748175, "Mode_TP_C": 322.575, "Mode_recall_C": 0.1481043357627665, "Purity": 0.33883590666941976, "AMI": 0.2217582967025292, "ARand": 0.09298786855761884, "ModeProb_TP": 7.05, "ModeProb_T": 36.3, "ModeProb_P": 40.0, "ModeProb_precision": 0.17625000000000005, "ModeProb_recall": 0.2079418902985164, "ModeProb_F1": 0.186507000902358}, "50": {"IoU_TP": 3.65, "IoU_T": 36.4, "IoU_P": 49.8, "IoU_precision": 0.07324750325662183, "IoU_recall": 0.10164982498313804, "IoU_F1": 0.08349155652709668, "Mode_TP": 13.075, "Mode_T": 36.4, "Mode_P": 49.8, "Mode_precision": 0.2625360399478941, "Mode_recall": 0.3759838122370505, "Mode_F1": 0.30223445030300106, "Mode_TP_C": 308.5, "Mode_recall_C": 0.1453667926370926, "Purity": 0.35324054941864635, "AMI": 0.22307618439984309, "ARand": 0.08084665801839455, "ModeProb_TP": 7.525, "ModeProb_T": 36.4, "ModeProb_P": 50.0, "ModeProb_precision": 0.1505, "ModeProb_recall": 0.21926403989014848, "ModeProb_F1": 0.17481074224364812}, "60": {"IoU_TP": 3.95, "IoU_T": 36.375, "IoU_P": 59.8, "IoU_precision": 0.06606711474771093, "IoU_recall": 0.10981314665633499, "IoU_F1": 0.0810234043698804, "Mode_TP": 13.425, "Mode_T": 36.375, "Mode_P": 59.8, "Mode_precision": 0.22451612117669978, "Mode_recall": 0.3848803987966919, "Mode_F1": 0.2778578785551183, "Mode_TP_C": 302.275, "Mode_recall_C": 0.14175299312709597, "Purity": 0.36826736450980824, "AMI": 0.2317635869399147, "ARand": 0.08351538674089579, "ModeProb_TP": 7.5, "ModeProb_T": 36.375, "ModeProb_P": 59.975, "ModeProb_precision": 0.12503531073446325, "ModeProb_recall": 0.2200677163777943, "ModeProb_F1": 0.1565583785489763}, "70": {"IoU_TP": 3.45, "IoU_T": 36.575, "IoU_P": 69.75, "IoU_precision": 0.04952612712833347, "IoU_recall": 0.09303676703235918, "IoU_F1": 0.06361488630263006, "Mode_TP": 14.875, "Mode_T": 36.575, "Mode_P": 69.75, "Mode_precision": 0.213256543370106, "Mode_recall": 0.4262106822977083, "Mode_F1": 0.27807395360925247, "Mode_TP_C": 324.2, "Mode_recall_C": 0.14523300259145544, "Purity": 0.3773869325598347, "AMI": 0.22771130142072127, "ARand": 0.10531158518033434, "ModeProb_TP": 7.5, "ModeProb_T": 36.575, "ModeProb_P": 70.0, "ModeProb_precision": 0.10714285714285712, "ModeProb_recall": 0.2207635457300401, "ModeProb_F1": 0.14145927069604936}, "80": {"IoU_TP": 3.225, "IoU_T": 35.475, "IoU_P": 79.675, "IoU_precision": 0.040431373742291464, "IoU_recall": 0.09182680681884942, "IoU_F1": 0.0551769653632039, "Mode_TP": 14.925, "Mode_T": 35.475, "Mode_P": 79.675, "Mode_precision": 0.18721214703018502, "Mode_recall": 0.43550853931665384, "Mode_F1": 0.25673017100457635, "Mode_TP_C": 290.825, "Mode_recall_C": 0.13571984698060197, "Purity": 0.3864921251121086, "AMI": 0.22480948464417616, "ARand": 0.08146144143307385, "ModeProb_TP": 7.475, "ModeProb_T": 35.475, "ModeProb_P": 80.0, "ModeProb_precision": 0.09343749999999999, "ModeProb_recall": 0.22015915583544463, "ModeProb_F1": 0.12887094423170753}, "100": {"IoU_TP": 3.325, "IoU_T": 35.85, "IoU_P": 99.275, "IoU_precision": 0.033448589819401686, "IoU_recall": 0.09374506358937823, "IoU_F1": 0.0486051085274531, "Mode_TP": 17.075, "Mode_T": 35.85, "Mode_P": 99.275, "Mode_precision": 0.17194333846328128, "Mode_recall": 0.4881527772665885, "Mode_F1": 0.25046212538568535, "Mode_TP_C": 298.325, "Mode_recall_C": 0.136607607791363, "Purity": 0.40669250315009375, "AMI": 0.23368193212053928, "ARand": 0.09830318626371397, "ModeProb_TP": 8.025, "ModeProb_T": 35.85, "ModeProb_P": 100.0, "ModeProb_precision": 0.08025, "ModeProb_recall": 0.2350826416366414, "ModeProb_F1": 0.11798741860553104}}