{"5": {"IoU_TP": 0.825, "IoU_T": 40.6, "IoU_P": 5.0, "IoU_precision": 0.16500000000000004, "IoU_recall": 0.020361503649328455, "IoU_F1": 0.03584593224976075, "Mode_TP": 2.075, "Mode_T": 40.6, "Mode_P": 5.0, "Mode_precision": 0.41500000000000004, "Mode_recall": 0.051024426430826164, "Mode_F1": 0.09008205350210492, "Mode_TP_C": 143.15, "Mode_recall_C": 0.07495604618483452, "Purity": 0.1973477002808823, "AMI": 0.09781945765748282, "ARand": 0.021750825310987678, "ModeProb_TP": 1.9, "ModeProb_T": 40.6, "ModeProb_P": 5.0, "ModeProb_precision": 0.38, "ModeProb_recall": 0.05102050711182502, "ModeProb_F1": 0.08828743353620236}, "10": {"IoU_TP": 2.2, "IoU_T": 41.375, "IoU_P": 10.0, "IoU_precision": 0.21999999999999997, "IoU_recall": 0.049785019998034, "IoU_F1": 0.08003625596408685, "Mode_TP": 4.2, "Mode_T": 41.375, "Mode_P": 10.0, "Mode_precision": 0.42000000000000004, "Mode_recall": 0.10292487312906311, "Mode_F1": 0.16250713776689887, "Mode_TP_C": 181.9, "Mode_recall_C": 0.09576878457943594, "Purity": 0.22141168753467216, "AMI": 0.13860273593555647, "ARand": 0.03865181151939712, "ModeProb_TP": 3.35, "ModeProb_T": 41.375, "ModeProb_P": 10.0, "ModeProb_precision": 0.3350000000000001, "ModeProb_recall": 0.08091936472039322, "ModeProb_F1": 0.1278029205169589}, "20": {"IoU_TP": 3.4, "IoU_T": 40.4, "IoU_P": 19.9, "IoU_precision": 0.17138157894736844, "IoU_recall": 0.07918717518741178, "IoU_F1": 0.10529794549635971, "Mode_TP": 7.525, "Mode_T": 40.4, "Mode_P": 19.9, "Mode_precision": 0.3787499999999999, "Mode_recall": 0.18578610699868037, "Mode_F1": 0.24224262181057296, "Mode_TP_C": 214.825, "Mode_recall_C": 0.11336909849330645, "Purity": 0.2664553600798883, "AMI": 0.1678656910653207, "ARand": 0.05400559883633914, "ModeProb_TP": 5.0, "ModeProb_T": 40.4, "ModeProb_P": 19.975, "ModeProb_precision": 0.2503947368421052, "ModeProb_recall": 0.12319962024789119, "ModeProb_F1": 0.1593016748971303}, "30": {"IoU_TP": 3.825, "IoU_T": 40.95, "IoU_P": 29.925, "IoU_precision": 0.12790229885057464, "IoU_recall": 0.08101086747922213, "IoU_F1": 0.09700237427134613, "Mode_TP": 9.7, "Mode_T": 40.95, "Mode_P": 29.925, "Mode_precision": 0.32445402298850573, "Mode_recall": 0.22959420471088632, "Mode_F1": 0.26062455565418674, "Mode_TP_C": 219.25, "Mode_recall_C": 0.11266620506344356, "Purity": 0.28021062350242165, "AMI": 0.17387737051697427, "ARand": 0.05279764522054373, "ModeProb_TP": 6.3, "ModeProb_T": 40.95, "ModeProb_P": 29.975, "ModeProb_precision": 0.21037356321839082, "ModeProb_recall": 0.14899655019135605, "ModeProb_F1": 0.16790380834061808}, "40": {"IoU_TP": 3.85, "IoU_T": 40.025, "IoU_P": 39.825, "IoU_precision": 0.09690705128205128, "IoU_recall": 0.0824574059995716, "IoU_F1": 0.08710106091539002, "Mode_TP": 11.0, "Mode_T": 40.025, "Mode_P": 39.825, "Mode_precision": 0.27645833333333336, "Mode_recall": 0.26220665134620463, "Mode_F1": 0.2621174087051038, "Mode_TP_C": 220.95, "Mode_recall_C": 0.11241872461643321, "Purity": 0.30815567250713694, "AMI": 0.18413675731139095, "ARand": 0.05820193578312584, "ModeProb_TP": 6.55, "ModeProb_T": 40.025, "ModeProb_P": 39.975, "ModeProb_precision": 0.16386217948717946, "ModeProb_recall": 0.15683461299612714, "ModeProb_F1": 0.15481294212947455}, "50": {"IoU_TP": 4.1, "IoU_T": 40.225, "IoU_P": 49.625, "IoU_precision": 0.08267413487133986, "IoU_recall": 0.08871767384168065, "IoU_F1": 0.0840365007310755, "Mode_TP": 12.6, "Mode_T": 40.225, "Mode_P": 49.625, "Mode_precision": 0.254008984028394, "Mode_recall": 0.30884782794919796, "Mode_F1": 0.27019650386190486, "Mode_TP_C": 218.325, "Mode_recall_C": 0.11304966516818135, "Purity": 0.32265571472531035, "AMI": 0.1886836430531053, "ARand": 0.057525953143370154, "ModeProb_TP": 7.375, "ModeProb_T": 40.225, "ModeProb_P": 49.925, "ModeProb_precision": 0.14771428571428571, "ModeProb_recall": 0.18290471132872227, "ModeProb_F1": 0.15783557804605963}, "60": {"IoU_TP": 4.5, "IoU_T": 41.1, "IoU_P": 59.575, "IoU_precision": 0.07584209586405133, "IoU_recall": 0.09387745894041946, "IoU_F1": 0.08216806094863277, "Mode_TP": 14.6, "Mode_T": 41.1, "Mode_P": 59.575, "Mode_precision": 0.24552563079397954, "Mode_recall": 0.3501473745703515, "Mode_F1": 0.27938748321561224, "Mode_TP_C": 226.0, "Mode_recall_C": 0.11581653854787474, "Purity": 0.32949214639001784, "AMI": 0.19093042536455546, "ARand": 0.05837304850009539, "ModeProb_TP": 8.125, "ModeProb_T": 41.1, "ModeProb_P": 60.0, "ModeProb_precision": 0.13541666666666669, "ModeProb_recall": 0.1910405132817191, "ModeProb_F1": 0.15293197614501225}, "70": {"IoU_TP": 4.775, "IoU_T": 40.75, "IoU_P": 69.45, "IoU_precision": 0.0688456034587748, "IoU_recall": 0.10385139163581072, "IoU_F1": 0.08136341086197564, "Mode_TP": 15.8, "Mode_T": 40.75, "Mode_P": 69.45, "Mode_precision": 0.2275140056022408, "Mode_recall": 0.38829043151457837, "Mode_F1": 0.2796877783005865, "Mode_TP_C": 232.225, "Mode_recall_C": 0.11971372879850417, "Purity": 0.34783310018487623, "AMI": 0.19799993961562942, "ARand": 0.059489044067899254, "ModeProb_TP": 8.5, "ModeProb_T": 40.75, "ModeProb_P": 69.975, "ModeProb_precision": 0.12145445134575569, "ModeProb_recall": 0.20239134244389775, "ModeProb_F1": 0.1481790084673819}, "80": {"IoU_TP": 4.275, "IoU_T": 40.825, "IoU_P": 79.375, "IoU_precision": 0.05392804925753793, "IoU_recall": 0.09055123167699813, "IoU_F1": 0.06648355512396464, "Mode_TP": 17.175, "Mode_T": 40.825, "Mode_P": 79.375, "Mode_precision": 0.21635486003836268, "Mode_recall": 0.41711153710171817, "Mode_F1": 0.27743388821558457, "Mode_TP_C": 214.9, "Mode_recall_C": 0.11267994286497027, "Purity": 0.35017814239941986, "AMI": 0.1886954581858326, "ARand": 0.05221188127746877, "ModeProb_TP": 8.775, "ModeProb_T": 40.825, "ModeProb_P": 79.975, "ModeProb_precision": 0.10973101265822785, "ModeProb_recall": 0.20619424701510666, "ModeProb_F1": 0.1395955027530548}, "100": {"IoU_TP": 4.475, "IoU_T": 41.1, "IoU_P": 98.275, "IoU_precision": 0.04578045528160697, "IoU_recall": 0.09479687980247056, "IoU_F1": 0.06059743438340618, "Mode_TP": 18.975, "Mode_T": 41.1, "Mode_P": 98.275, "Mode_precision": 0.19345076862880056, "Mode_recall": 0.4644551376095711, "Mode_F1": 0.2652455284220225, "Mode_TP_C": 211.175, "Mode_recall_C": 0.1108281812463919, "Purity": 0.3704906922433012, "AMI": 0.19118069340858587, "ARand": 0.0502917563929409, "ModeProb_TP": 9.225, "ModeProb_T": 41.1, "ModeProb_P": 99.95, "ModeProb_precision": 0.09232653061224486, "ModeProb_recall": 0.21573381647686363, "ModeProb_F1": 0.12590841984249038}}