{"5": {"IoU_TP": 0.875, "IoU_T": 36.075, "IoU_P": 5.0, "IoU_precision": 0.1750000000000001, "IoU_recall": 0.02744738217069424, "IoU_F1": 0.04690131657944825, "Mode_TP": 3.1, "Mode_T": 36.075, "Mode_P": 5.0, "Mode_precision": 0.62, "Mode_recall": 0.09224190847012528, "Mode_F1": 0.15854678155840823, "Mode_TP_C": 352.375, "Mode_recall_C": 0.14943444216774007, "Purity": 0.2243923405931428, "AMI": 0.14466725234099173, "ARand": 0.04557204993748152, "ModeProb_TP": 2.275, "ModeProb_T": 36.075, "ModeProb_P": 5.0, "ModeProb_precision": 0.4549999999999998, "ModeProb_recall": 0.07198537972924803, "ModeProb_F1": 0.12297864374564924}, "10": {"IoU_TP": 1.7, "IoU_T": 36.025, "IoU_P": 9.95, "IoU_precision": 0.17111111111111105, "IoU_recall": 0.05662938393816415, "IoU_F1": 0.08334247969467493, "Mode_TP": 4.925, "Mode_T": 36.025, "Mode_P": 9.95, "Mode_precision": 0.4947222222222223, "Mode_recall": 0.15238956211050855, "Mode_F1": 0.22867855836349485, "Mode_TP_C": 314.45, "Mode_recall_C": 0.15481206110329146, "Purity": 0.25296794107828935, "AMI": 0.17772123725053268, "ARand": 0.0570947332881815, "ModeProb_TP": 3.95, "ModeProb_T": 36.025, "ModeProb_P": 9.95, "ModeProb_precision": 0.3972222222222223, "ModeProb_recall": 0.12674849779166544, "ModeProb_F1": 0.18858822211533974}, "20": {"IoU_TP": 2.575, "IoU_T": 36.325, "IoU_P": 20.0, "IoU_precision": 0.12874999999999998, "IoU_recall": 0.07812859441986772, "IoU_F1": 0.09498158386213697, "Mode_TP": 7.95, "Mode_T": 36.325, "Mode_P": 20.0, "Mode_precision": 0.39749999999999996, "Mode_recall": 0.2364282260923912, "Mode_F1": 0.28931455612829027, "Mode_TP_C": 309.325, "Mode_recall_C": 0.15113647956138507, "Purity": 0.2936385389011099, "AMI": 0.20434480076495656, "ARand": 0.07376392146004933, "ModeProb_TP": 5.2, "ModeProb_T": 36.325, "ModeProb_P": 20.0, "ModeProb_precision": 0.26, "ModeProb_recall": 0.16062655075292293, "ModeProb_F1": 0.19394119599176637}, "30": {"IoU_TP": 3.35, "IoU_T": 36.925, "IoU_P": 30.0, "IoU_precision": 0.11166666666666669, "IoU_recall": 0.09792419866310051, "IoU_F1": 0.10218083556972213, "Mode_TP": 10.525, "Mode_T": 36.925, "Mode_P": 30.0, "Mode_precision": 0.3508333333333334, "Mode_recall": 0.3081725998529409, "Mode_F1": 0.32064072090796436, "Mode_TP_C": 349.425, "Mode_recall_C": 0.16620832551745085, "Purity": 0.328027801004956, "AMI": 0.23402754645614662, "ARand": 0.10717704015448859, "ModeProb_TP": 6.6, "ModeProb_T": 36.925, "ModeProb_P": 30.0, "ModeProb_precision": 0.22000000000000003, "ModeProb_recall": 0.19396432708311978, "ModeProb_F1": 0.201839490736601}, "40": {"IoU_TP": 3.45, "IoU_T": 36.025, "IoU_P": 39.85, "IoU_precision": 0.08653846153846154, "IoU_recall": 0.10182380795128954, "IoU_F1": 0.09164451017208639, "Mode_TP": 11.35, "Mode_T": 36.025, "Mode_P": 39.85, "Mode_precision": 0.28474358974358976, "Mode_recall": 0.3309950858845673, "Mode_F1": 0.29947934657172376, "Mode_TP_C": 354.425, "Mode_recall_C": 0.15959018480118797, "Purity": 0.34781535789352924, "AMI": 0.23708706692144266, "ARand": 0.1084774687965356, "ModeProb_TP": 6.5, "ModeProb_T": 36.025, "ModeProb_P": 39.975, "ModeProb_precision": 0.16259615384615386, "ModeProb_recall": 0.19438024093627332, "ModeProb_F1": 0.17340040539658377}, "50": {"IoU_TP": 3.2, "IoU_T": 35.8, "IoU_P": 49.875, "IoU_precision": 0.06419515306122452, "IoU_recall": 0.09018170307595154, "IoU_F1": 0.07360123700255225, "Mode_TP": 11.725, "Mode_T": 35.8, "Mode_P": 49.875, "Mode_precision": 0.23506590136054423, "Mode_recall": 0.3475507926628882, "Mode_F1": 0.27420692144691167, "Mode_TP_C": 296.7, "Mode_recall_C": 0.13847970484194685, "Purity": 0.3470429758666065, "AMI": 0.21750167157025074, "ARand": 0.08767286300711133, "ModeProb_TP": 6.825, "ModeProb_T": 35.8, "ModeProb_P": 50.0, "ModeProb_precision": 0.1365, "ModeProb_recall": 0.20623366146826122, "ModeProb_F1": 0.1608394055552598}, "60": {"IoU_TP": 3.75, "IoU_T": 35.9, "IoU_P": 59.875, "IoU_precision": 0.06257768361581921, "IoU_recall": 0.10330317680872939, "IoU_F1": 0.07657632923307672, "Mode_TP": 14.4, "Mode_T": 35.9, "Mode_P": 59.875, "Mode_precision": 0.24043273913890512, "Mode_recall": 0.42129055598876936, "Mode_F1": 0.2992725526512782, "Mode_TP_C": 328.6, "Mode_recall_C": 0.15065374988161534, "Purity": 0.3682827441972606, "AMI": 0.22886353014362287, "ARand": 0.09112024444303482, "ModeProb_TP": 7.475, "ModeProb_T": 35.9, "ModeProb_P": 59.975, "ModeProb_precision": 0.12464689265536726, "ModeProb_recall": 0.2227201542909575, "ModeProb_F1": 0.15665213950082285}, "70": {"IoU_TP": 3.55, "IoU_T": 36.15, "IoU_P": 69.55, "IoU_precision": 0.05116634583749137, "IoU_recall": 0.1006936942653697, "IoU_F1": 0.06669958226097825, "Mode_TP": 15.325, "Mode_T": 36.15, "Mode_P": 69.55, "Mode_precision": 0.22045706796670647, "Mode_recall": 0.4405452691107654, "Mode_F1": 0.28836170568048713, "Mode_TP_C": 332.55, "Mode_recall_C": 0.15428032858435534, "Purity": 0.3841863557136623, "AMI": 0.2394400611241648, "ARand": 0.10937628915154614, "ModeProb_TP": 8.4, "ModeProb_T": 36.15, "ModeProb_P": 70.0, "ModeProb_precision": 0.11999999999999995, "ModeProb_recall": 0.24734831671902832, "ModeProb_F1": 0.15901520960226345}, "80": {"IoU_TP": 3.325, "IoU_T": 36.175, "IoU_P": 79.625, "IoU_precision": 0.04186589379419158, "IoU_recall": 0.09130312114260981, "IoU_F1": 0.0564602900840683, "Mode_TP": 15.7, "Mode_T": 36.175, "Mode_P": 79.625, "Mode_precision": 0.19722493009156067, "Mode_recall": 0.4526559248913201, "Mode_F1": 0.26900308120374145, "Mode_TP_C": 289.325, "Mode_recall_C": 0.13576459976100458, "Purity": 0.3871309957772642, "AMI": 0.2248838579564712, "ARand": 0.07925176545161003, "ModeProb_TP": 7.9, "ModeProb_T": 36.175, "ModeProb_P": 79.925, "ModeProb_precision": 0.0988457481337228, "ModeProb_recall": 0.2313231116930965, "ModeProb_F1": 0.13587758610761522}, "100": {"IoU_TP": 3.25, "IoU_T": 35.85, "IoU_P": 99.275, "IoU_precision": 0.032759727718345275, "IoU_recall": 0.0843884647188142, "IoU_F1": 0.046664488770658444, "Mode_TP": 17.05, "Mode_T": 35.85, "Mode_P": 99.275, "Mode_precision": 0.17177380811517465, "Mode_recall": 0.49226560116403917, "Mode_F1": 0.24976540689373006, "Mode_TP_C": 297.675, "Mode_recall_C": 0.1328763216322652, "Purity": 0.4001382077163944, "AMI": 0.21946678650988538, "ARand": 0.08834208206050706, "ModeProb_TP": 8.15, "ModeProb_T": 35.85, "ModeProb_P": 99.975, "ModeProb_precision": 0.08152525252525251, "ModeProb_recall": 0.23266734983616746, "ModeProb_F1": 0.11885007329457098}}