{"5": {"IoU_TP": 0.125, "IoU_T": 41.275, "IoU_P": 5.0, "IoU_precision": 0.025, "IoU_recall": 0.0030591966396487673, "IoU_F1": 0.005440549387357898, "Mode_TP": 1.575, "Mode_T": 41.275, "Mode_P": 5.0, "Mode_precision": 0.31500000000000006, "Mode_recall": 0.03994289000567885, "Mode_F1": 0.07027708027911843, "Mode_TP_C": 128.275, "Mode_recall_C": 0.06931539984023176, "Purity": 0.18378021615444431, "AMI": 0.09423644714980776, "ARand": 0.02372784325743723, "ModeProb_TP": 1.55, "ModeProb_T": 41.275, "ModeProb_P": 5.0, "ModeProb_precision": 0.31000000000000005, "ModeProb_recall": 0.0422611066090965, "ModeProb_F1": 0.0732725842902093}, "10": {"IoU_TP": 0.725, "IoU_T": 41.25, "IoU_P": 9.975, "IoU_precision": 0.07250000000000002, "IoU_recall": 0.01794690539988557, "IoU_F1": 0.028325110957340572, "Mode_TP": 3.025, "Mode_T": 41.25, "Mode_P": 9.975, "Mode_precision": 0.3027777777777777, "Mode_recall": 0.07592269577690063, "Mode_F1": 0.11934441187899551, "Mode_TP_C": 158.5, "Mode_recall_C": 0.0843933425110924, "Purity": 0.21106988905868634, "AMI": 0.12849979769296638, "ARand": 0.04462841949019197, "ModeProb_TP": 2.15, "ModeProb_T": 41.25, "ModeProb_P": 10.0, "ModeProb_precision": 0.215, "ModeProb_recall": 0.055284855186799695, "ModeProb_F1": 0.0860763964290497}, "20": {"IoU_TP": 1.35, "IoU_T": 39.9, "IoU_P": 20.0, "IoU_precision": 0.06749999999999999, "IoU_recall": 0.03415389271743831, "IoU_F1": 0.04379561509625338, "Mode_TP": 6.2, "Mode_T": 39.9, "Mode_P": 20.0, "Mode_precision": 0.30999999999999994, "Mode_recall": 0.15671512946018568, "Mode_F1": 0.20224808432553462, "Mode_TP_C": 210.55, "Mode_recall_C": 0.11176097005708614, "Purity": 0.24648061381079037, "AMI": 0.16174539702946716, "ARand": 0.05950347093500359, "ModeProb_TP": 3.1, "ModeProb_T": 39.9, "ModeProb_P": 20.0, "ModeProb_precision": 0.15499999999999997, "ModeProb_recall": 0.08264774481061535, "ModeProb_F1": 0.10392084989686676}, "30": {"IoU_TP": 2.475, "IoU_T": 39.975, "IoU_P": 29.925, "IoU_precision": 0.08252873563218391, "IoU_recall": 0.05847571931427531, "IoU_F1": 0.06674983589772099, "Mode_TP": 8.35, "Mode_T": 39.975, "Mode_P": 29.925, "Mode_precision": 0.27882799671592773, "Mode_recall": 0.20833653626661625, "Mode_F1": 0.23247974481878883, "Mode_TP_C": 222.95, "Mode_recall_C": 0.12015207550100918, "Purity": 0.2754327555020655, "AMI": 0.17268527633107916, "ARand": 0.06466832029004774, "ModeProb_TP": 4.875, "ModeProb_T": 39.975, "ModeProb_P": 30.0, "ModeProb_precision": 0.1625, "ModeProb_recall": 0.13017465756135208, "ModeProb_F1": 0.13918262948061116}, "40": {"IoU_TP": 3.425, "IoU_T": 40.425, "IoU_P": 39.95, "IoU_precision": 0.08573717948717947, "IoU_recall": 0.07981536244746702, "IoU_F1": 0.08043274112954198, "Mode_TP": 9.95, "Mode_T": 40.425, "Mode_P": 39.95, "Mode_precision": 0.24895833333333334, "Mode_recall": 0.24120520798447703, "Mode_F1": 0.23788437489774888, "Mode_TP_C": 242.75, "Mode_recall_C": 0.12572955712082187, "Purity": 0.29615736185863517, "AMI": 0.18260140715542464, "ARand": 0.07087914666208935, "ModeProb_TP": 5.975, "ModeProb_T": 40.425, "ModeProb_P": 40.0, "ModeProb_precision": 0.14937499999999998, "ModeProb_recall": 0.14947517203270214, "ModeProb_F1": 0.1439723274179842}, "50": {"IoU_TP": 3.95, "IoU_T": 40.35, "IoU_P": 49.85, "IoU_precision": 0.07921428571428572, "IoU_recall": 0.08642825121889278, "IoU_F1": 0.08140128831049685, "Mode_TP": 11.5, "Mode_T": 40.35, "Mode_P": 49.85, "Mode_precision": 0.23060204081632651, "Mode_recall": 0.2773373539669558, "Mode_F1": 0.24515680339536233, "Mode_TP_C": 250.6, "Mode_recall_C": 0.127428220276116, "Purity": 0.3094542943550965, "AMI": 0.18553446035347232, "ARand": 0.06929052888944766, "ModeProb_TP": 6.625, "ModeProb_T": 40.35, "ModeProb_P": 50.0, "ModeProb_precision": 0.13249999999999998, "ModeProb_recall": 0.16634875949275854, "ModeProb_F1": 0.14242130830126695}, "60": {"IoU_TP": 3.625, "IoU_T": 40.8, "IoU_P": 59.425, "IoU_precision": 0.06070730117340286, "IoU_recall": 0.07937540634280814, "IoU_F1": 0.06724731369137464, "Mode_TP": 13.625, "Mode_T": 40.8, "Mode_P": 59.425, "Mode_precision": 0.2281752498913515, "Mode_recall": 0.3321733379352624, "Mode_F1": 0.26293556104901494, "Mode_TP_C": 245.85, "Mode_recall_C": 0.12759127408803334, "Purity": 0.3177294874544781, "AMI": 0.18300595584664803, "ARand": 0.06514487867201005, "ModeProb_TP": 7.175, "ModeProb_T": 40.8, "ModeProb_P": 59.975, "ModeProb_precision": 0.11961158192090401, "ModeProb_recall": 0.17630234936464395, "ModeProb_F1": 0.13780306620751956}, "70": {"IoU_TP": 4.45, "IoU_T": 40.175, "IoU_P": 69.55, "IoU_precision": 0.06386413935889196, "IoU_recall": 0.10205716462683179, "IoU_F1": 0.07649118795203037, "Mode_TP": 14.65, "Mode_T": 40.175, "Mode_P": 69.55, "Mode_precision": 0.210148318697794, "Mode_recall": 0.3626441321986678, "Mode_F1": 0.2587260207998645, "Mode_TP_C": 255.575, "Mode_recall_C": 0.13444336557051503, "Purity": 0.3391672891260754, "AMI": 0.19412391789342695, "ARand": 0.06999739924583548, "ModeProb_TP": 7.55, "ModeProb_T": 40.175, "ModeProb_P": 69.925, "ModeProb_precision": 0.10793021556448663, "ModeProb_recall": 0.18244485702146937, "ModeProb_F1": 0.13169364732265487}, "80": {"IoU_TP": 4.675, "IoU_T": 40.55, "IoU_P": 78.9, "IoU_precision": 0.05896353031637841, "IoU_recall": 0.10575573318554413, "IoU_F1": 0.07411104429874964, "Mode_TP": 16.025, "Mode_T": 40.55, "Mode_P": 78.9, "Mode_precision": 0.2022648316873, "Mode_recall": 0.39796267078317743, "Mode_F1": 0.26110089041593654, "Mode_TP_C": 254.175, "Mode_recall_C": 0.13347272362674537, "Purity": 0.34626269728619763, "AMI": 0.1907188980477582, "ARand": 0.06581668674851174, "ModeProb_TP": 8.175, "ModeProb_T": 40.55, "ModeProb_P": 79.95, "ModeProb_precision": 0.10223101265822784, "ModeProb_recall": 0.198024445285709, "ModeProb_F1": 0.13110194821183552}, "100": {"IoU_TP": 4.675, "IoU_T": 40.6, "IoU_P": 98.15, "IoU_precision": 0.04747623324327308, "IoU_recall": 0.09892798008105745, "IoU_F1": 0.06311577392348805, "Mode_TP": 18.75, "Mode_T": 40.6, "Mode_P": 98.15, "Mode_precision": 0.1903002188671577, "Mode_recall": 0.4535641991347622, "Mode_F1": 0.26123830188077973, "Mode_TP_C": 248.6, "Mode_recall_C": 0.12680421702936046, "Purity": 0.36417788043466803, "AMI": 0.18806260275818898, "ARand": 0.06066724732328412, "ModeProb_TP": 9.075, "ModeProb_T": 40.6, "ModeProb_P": 100.0, "ModeProb_precision": 0.09074999999999996, "ModeProb_recall": 0.21537697102067796, "ModeProb_F1": 0.12443797474513249}}