{"5": {"IoU_TP": 0.575, "IoU_T": 40.725, "IoU_P": 5.0, "IoU_precision": 0.11500000000000002, "IoU_recall": 0.01400327806223792, "IoU_F1": 0.024769115673696867, "Mode_TP": 1.85, "Mode_T": 40.725, "Mode_P": 5.0, "Mode_precision": 0.37, "Mode_recall": 0.045081620917691884, "Mode_F1": 0.07981377766239839, "Mode_TP_C": 137.6, "Mode_recall_C": 0.07078963744872685, "Purity": 0.190810394571708, "AMI": 0.09573892640382091, "ARand": 0.021760217989825116, "ModeProb_TP": 1.475, "ModeProb_T": 40.725, "ModeProb_P": 5.0, "ModeProb_precision": 0.2949999999999999, "ModeProb_recall": 0.04003203944026331, "ModeProb_F1": 0.06940523744841556}, "10": {"IoU_TP": 1.3, "IoU_T": 40.0, "IoU_P": 9.975, "IoU_precision": 0.12999999999999998, "IoU_recall": 0.02994106693085019, "IoU_F1": 0.047934069545006744, "Mode_TP": 3.7, "Mode_T": 40.0, "Mode_P": 9.975, "Mode_precision": 0.37027777777777776, "Mode_recall": 0.0897996510866527, "Mode_F1": 0.1422358431654167, "Mode_TP_C": 168.775, "Mode_recall_C": 0.08879276330418609, "Purity": 0.22422386663562194, "AMI": 0.13351662185401175, "ARand": 0.04096853095043619, "ModeProb_TP": 2.675, "ModeProb_T": 40.0, "ModeProb_P": 9.975, "ModeProb_precision": 0.2677777777777778, "ModeProb_recall": 0.0700130515267279, "ModeProb_F1": 0.10821300562259381}, "20": {"IoU_TP": 3.225, "IoU_T": 41.05, "IoU_P": 20.0, "IoU_precision": 0.16124999999999992, "IoU_recall": 0.07531423222887014, "IoU_F1": 0.10001869331782416, "Mode_TP": 7.55, "Mode_T": 41.05, "Mode_P": 20.0, "Mode_precision": 0.37750000000000006, "Mode_recall": 0.18046222010806637, "Mode_F1": 0.23823527849832873, "Mode_TP_C": 225.3, "Mode_recall_C": 0.11682563073822724, "Purity": 0.2604261127623836, "AMI": 0.17523712175648015, "ARand": 0.05798613344854904, "ModeProb_TP": 5.15, "ModeProb_T": 41.05, "ModeProb_P": 20.0, "ModeProb_precision": 0.25750000000000006, "ModeProb_recall": 0.12248260064336303, "ModeProb_F1": 0.16164968638157964}, "30": {"IoU_TP": 3.275, "IoU_T": 40.05, "IoU_P": 29.925, "IoU_precision": 0.10959770114942527, "IoU_recall": 0.07313865196438152, "IoU_F1": 0.08554439255896705, "Mode_TP": 9.875, "Mode_T": 40.05, "Mode_P": 29.925, "Mode_precision": 0.32999999999999996, "Mode_recall": 0.24470191188819007, "Mode_F1": 0.27293436894666423, "Mode_TP_C": 235.175, "Mode_recall_C": 0.12364713011116923, "Purity": 0.2895849093599019, "AMI": 0.18300295705686503, "ARand": 0.06529482274231577, "ModeProb_TP": 5.675, "ModeProb_T": 40.05, "ModeProb_P": 30.0, "ModeProb_precision": 0.18916666666666665, "ModeProb_recall": 0.14131185194751159, "ModeProb_F1": 0.1558195346041667}, "40": {"IoU_TP": 4.075, "IoU_T": 40.5, "IoU_P": 39.9, "IoU_precision": 0.10225961538461537, "IoU_recall": 0.0927946301577868, "IoU_F1": 0.09457781186761192, "Mode_TP": 12.05, "Mode_T": 40.5, "Mode_P": 39.9, "Mode_precision": 0.30229166666666657, "Mode_recall": 0.29394818957072133, "Mode_F1": 0.2891795509491636, "Mode_TP_C": 231.05, "Mode_recall_C": 0.1208410546965855, "Purity": 0.3082432718098893, "AMI": 0.1882442892452286, "ARand": 0.06041902289038694, "ModeProb_TP": 6.775, "ModeProb_T": 40.5, "ModeProb_P": 40.0, "ModeProb_precision": 0.16937500000000003, "ModeProb_recall": 0.16546571511568886, "ModeProb_F1": 0.1614259893767565}, "50": {"IoU_TP": 4.025, "IoU_T": 40.85, "IoU_P": 49.775, "IoU_precision": 0.08096556122448981, "IoU_recall": 0.08677094489079153, "IoU_F1": 0.08196197345725727, "Mode_TP": 13.025, "Mode_T": 40.85, "Mode_P": 49.775, "Mode_precision": 0.2618193027210884, "Mode_recall": 0.31775712233457293, "Mode_F1": 0.27788400219699805, "Mode_TP_C": 223.85, "Mode_recall_C": 0.11751876815802502, "Purity": 0.31673233512019455, "AMI": 0.1855820620323646, "ARand": 0.059729658473028635, "ModeProb_TP": 6.925, "ModeProb_T": 40.85, "ModeProb_P": 50.0, "ModeProb_precision": 0.13849999999999998, "ModeProb_recall": 0.17055241385180434, "ModeProb_F1": 0.1471057913402423}, "60": {"IoU_TP": 4.4, "IoU_T": 40.3, "IoU_P": 59.6, "IoU_precision": 0.07387200467562828, "IoU_recall": 0.09491798758280175, "IoU_F1": 0.0814354205581272, "Mode_TP": 15.2, "Mode_T": 40.3, "Mode_P": 59.6, "Mode_precision": 0.25509180790960456, "Mode_recall": 0.3785384898117795, "Mode_F1": 0.2955777833546494, "Mode_TP_C": 243.425, "Mode_recall_C": 0.12530588556692118, "Purity": 0.33573744326869426, "AMI": 0.19477096624559964, "ARand": 0.06175169408619613, "ModeProb_TP": 7.6, "ModeProb_T": 40.3, "ModeProb_P": 59.975, "ModeProb_precision": 0.12668079096045196, "ModeProb_recall": 0.18101340196549767, "ModeProb_F1": 0.14433487877449214}, "70": {"IoU_TP": 4.125, "IoU_T": 41.05, "IoU_P": 69.625, "IoU_precision": 0.059197022741608, "IoU_recall": 0.09259039318266572, "IoU_F1": 0.07044475816631258, "Mode_TP": 16.875, "Mode_T": 41.05, "Mode_P": 69.625, "Mode_precision": 0.24207238378803816, "Mode_recall": 0.4110343707466507, "Mode_F1": 0.2960791815028264, "Mode_TP_C": 239.4, "Mode_recall_C": 0.12430454113967951, "Purity": 0.34408863557337555, "AMI": 0.19575256085523474, "ARand": 0.06031128449625338, "ModeProb_TP": 7.975, "ModeProb_T": 41.05, "ModeProb_P": 69.975, "ModeProb_precision": 0.11396480331262934, "ModeProb_recall": 0.19159851354119115, "ModeProb_F1": 0.1385299044633815}, "80": {"IoU_TP": 4.725, "IoU_T": 41.05, "IoU_P": 79.075, "IoU_precision": 0.05969295121193856, "IoU_recall": 0.10084327855700795, "IoU_F1": 0.07375775162635939, "Mode_TP": 17.225, "Mode_T": 41.05, "Mode_P": 79.075, "Mode_precision": 0.217500629468984, "Mode_recall": 0.41922174231060116, "Mode_F1": 0.27900570691463245, "Mode_TP_C": 243.825, "Mode_recall_C": 0.12490344233388598, "Purity": 0.36173915207220037, "AMI": 0.19992195910554944, "ARand": 0.062201916348158984, "ModeProb_TP": 8.7, "ModeProb_T": 41.05, "ModeProb_P": 79.975, "ModeProb_precision": 0.10876582278481013, "ModeProb_recall": 0.20568679471489743, "ModeProb_F1": 0.13860024193483292}, "100": {"IoU_TP": 4.175, "IoU_T": 40.05, "IoU_P": 98.0, "IoU_precision": 0.042731817433811506, "IoU_recall": 0.08969437255345289, "IoU_F1": 0.05680846671752724, "Mode_TP": 18.975, "Mode_T": 40.05, "Mode_P": 98.0, "Mode_precision": 0.193712374509896, "Mode_recall": 0.4785519419711629, "Mode_F1": 0.26826397070520336, "Mode_TP_C": 223.225, "Mode_recall_C": 0.11575881375916283, "Purity": 0.37177736094670444, "AMI": 0.18692363027219927, "ARand": 0.049937040171844894, "ModeProb_TP": 8.375, "ModeProb_T": 40.05, "ModeProb_P": 99.875, "ModeProb_precision": 0.08385746641674473, "ModeProb_recall": 0.20059593392913916, "ModeProb_F1": 0.1152801111420065}}