{"5": {"IoU_TP": 0.55, "IoU_T": 39.875, "IoU_P": 4.975, "IoU_precision": 0.11000000000000003, "IoU_recall": 0.01381975505687702, "IoU_F1": 0.02424953148495918, "Mode_TP": 1.75, "Mode_T": 39.875, "Mode_P": 4.975, "Mode_precision": 0.35000000000000003, "Mode_recall": 0.04414796089264688, "Mode_F1": 0.07772131167163744, "Mode_TP_C": 124.075, "Mode_recall_C": 0.06442209219985474, "Purity": 0.1943615300985262, "AMI": 0.09388530138988208, "ARand": 0.023274805870283348, "ModeProb_TP": 1.525, "ModeProb_T": 39.875, "ModeProb_P": 4.975, "ModeProb_precision": 0.3062500000000001, "ModeProb_recall": 0.0427455641157116, "ModeProb_F1": 0.07369196275119902}, "10": {"IoU_TP": 1.425, "IoU_T": 40.45, "IoU_P": 9.975, "IoU_precision": 0.14277777777777775, "IoU_recall": 0.03438812895041242, "IoU_F1": 0.05444326899029185, "Mode_TP": 3.9, "Mode_T": 40.45, "Mode_P": 9.975, "Mode_precision": 0.3911111111111111, "Mode_recall": 0.09413075149503748, "Mode_F1": 0.14905944124078513, "Mode_TP_C": 182.525, "Mode_recall_C": 0.09586130717260796, "Purity": 0.22431351632018623, "AMI": 0.14072923885782568, "ARand": 0.04227733772354906, "ModeProb_TP": 2.9, "ModeProb_T": 40.45, "ModeProb_P": 9.975, "ModeProb_precision": 0.29083333333333333, "ModeProb_recall": 0.07543656255613172, "ModeProb_F1": 0.11693128354646332}, "20": {"IoU_TP": 3.0, "IoU_T": 40.275, "IoU_P": 20.0, "IoU_precision": 0.1499999999999999, "IoU_recall": 0.0656652554989727, "IoU_F1": 0.08943162344654093, "Mode_TP": 7.225, "Mode_T": 40.275, "Mode_P": 20.0, "Mode_precision": 0.36124999999999996, "Mode_recall": 0.1747420959130849, "Mode_F1": 0.22978560783864613, "Mode_TP_C": 214.8, "Mode_recall_C": 0.11184833863850671, "Purity": 0.26380553961539094, "AMI": 0.1685450139299421, "ARand": 0.05766126548273574, "ModeProb_TP": 4.8, "ModeProb_T": 40.275, "ModeProb_P": 20.0, "ModeProb_precision": 0.23999999999999994, "ModeProb_recall": 0.11623784184265835, "ModeProb_F1": 0.15160871766660006}, "30": {"IoU_TP": 3.45, "IoU_T": 41.275, "IoU_P": 29.975, "IoU_precision": 0.11514367816091957, "IoU_recall": 0.08006684362608793, "IoU_F1": 0.0916160378013304, "Mode_TP": 9.675, "Mode_T": 41.275, "Mode_P": 29.975, "Mode_precision": 0.3228448275862069, "Mode_recall": 0.23375787023016453, "Mode_F1": 0.26357706336732734, "Mode_TP_C": 227.95, "Mode_recall_C": 0.1188382430045414, "Purity": 0.28525819363183225, "AMI": 0.18437989963122983, "ARand": 0.06167296682789719, "ModeProb_TP": 6.15, "ModeProb_T": 41.275, "ModeProb_P": 30.0, "ModeProb_precision": 0.205, "ModeProb_recall": 0.1499977403093778, "ModeProb_F1": 0.16717756033909398}, "40": {"IoU_TP": 4.05, "IoU_T": 40.3, "IoU_P": 39.9, "IoU_precision": 0.10136217948717949, "IoU_recall": 0.08857192198596413, "IoU_F1": 0.0926257271052684, "Mode_TP": 11.2, "Mode_T": 40.3, "Mode_P": 39.9, "Mode_precision": 0.280625, "Mode_recall": 0.27010673072509395, "Mode_F1": 0.26874864112669333, "Mode_TP_C": 233.1, "Mode_recall_C": 0.12097688915524119, "Purity": 0.30665051025343787, "AMI": 0.18905072872967965, "ARand": 0.0626175395367766, "ModeProb_TP": 6.925, "ModeProb_T": 40.3, "ModeProb_P": 40.0, "ModeProb_precision": 0.173125, "ModeProb_recall": 0.17103074651971323, "ModeProb_F1": 0.16648185478510769}, "50": {"IoU_TP": 4.275, "IoU_T": 40.7, "IoU_P": 49.925, "IoU_precision": 0.08564285714285716, "IoU_recall": 0.0921189588219605, "IoU_F1": 0.08712329586519589, "Mode_TP": 13.425, "Mode_T": 40.7, "Mode_P": 49.925, "Mode_precision": 0.26896938775510193, "Mode_recall": 0.32246908506002014, "Mode_F1": 0.2860984736468078, "Mode_TP_C": 229.325, "Mode_recall_C": 0.11816522412252202, "Purity": 0.31564033067422437, "AMI": 0.18688992854471462, "ARand": 0.05701294714750203, "ModeProb_TP": 7.425, "ModeProb_T": 40.7, "ModeProb_P": 49.975, "ModeProb_precision": 0.14863265306122447, "ModeProb_recall": 0.17716765347105132, "ModeProb_F1": 0.1573896107187402}, "60": {"IoU_TP": 4.825, "IoU_T": 41.15, "IoU_P": 59.9, "IoU_precision": 0.08055084745762711, "IoU_recall": 0.1048172444973968, "IoU_F1": 0.08911538755205502, "Mode_TP": 15.0, "Mode_T": 41.15, "Mode_P": 59.9, "Mode_precision": 0.25043785310734457, "Mode_recall": 0.35544637573979865, "Mode_F1": 0.28552601289744406, "Mode_TP_C": 243.525, "Mode_recall_C": 0.12317158343645151, "Purity": 0.3350463387789612, "AMI": 0.19539522384532818, "ARand": 0.059849224044476304, "ModeProb_TP": 8.4, "ModeProb_T": 41.15, "ModeProb_P": 59.975, "ModeProb_precision": 0.14007768361581927, "ModeProb_recall": 0.20190361730097067, "ModeProb_F1": 0.16003659244881369}, "70": {"IoU_TP": 4.125, "IoU_T": 40.25, "IoU_P": 69.5, "IoU_precision": 0.0593877906513776, "IoU_recall": 0.0884000531485258, "IoU_F1": 0.0696289697586108, "Mode_TP": 16.2, "Mode_T": 40.25, "Mode_P": 69.5, "Mode_precision": 0.23319728957636565, "Mode_recall": 0.4059460805452012, "Mode_F1": 0.28762084061061377, "Mode_TP_C": 231.725, "Mode_recall_C": 0.12071247294391643, "Purity": 0.34172121411880696, "AMI": 0.19094718838921373, "ARand": 0.05801336300661184, "ModeProb_TP": 7.9, "ModeProb_T": 40.25, "ModeProb_P": 70.0, "ModeProb_precision": 0.11285714285714285, "ModeProb_recall": 0.1932904061687301, "ModeProb_F1": 0.13799226197753087}, "80": {"IoU_TP": 3.9, "IoU_T": 39.6, "IoU_P": 79.55, "IoU_precision": 0.049121226874391424, "IoU_recall": 0.08329456558956458, "IoU_F1": 0.060437177506977115, "Mode_TP": 16.8, "Mode_T": 39.6, "Mode_P": 79.55, "Mode_precision": 0.21130842259006816, "Mode_recall": 0.4290184766906823, "Mode_F1": 0.27414855620134493, "Mode_TP_C": 234.925, "Mode_recall_C": 0.12041316948493241, "Purity": 0.35750627270071256, "AMI": 0.19293843739044408, "ARand": 0.05747802055589431, "ModeProb_TP": 7.95, "ModeProb_T": 39.6, "ModeProb_P": 80.0, "ModeProb_precision": 0.09937499999999999, "ModeProb_recall": 0.18972556217527442, "ModeProb_F1": 0.12639473019558875}, "100": {"IoU_TP": 4.175, "IoU_T": 40.925, "IoU_P": 98.225, "IoU_precision": 0.042617168072615785, "IoU_recall": 0.08545667755127731, "IoU_F1": 0.05564266218790202, "Mode_TP": 19.625, "Mode_T": 40.925, "Mode_P": 98.225, "Mode_precision": 0.1999463625970243, "Mode_recall": 0.4820571618632338, "Mode_F1": 0.274117861482688, "Mode_TP_C": 231.925, "Mode_recall_C": 0.12007616555204066, "Purity": 0.37133917260932864, "AMI": 0.18926051331000476, "ARand": 0.05327114201066643, "ModeProb_TP": 9.175, "ModeProb_T": 40.925, "ModeProb_P": 99.875, "ModeProb_precision": 0.09183637394351679, "ModeProb_recall": 0.21827904851072022, "ModeProb_F1": 0.1253082630361652}}