{"5": {"IoU_TP": 0.475, "IoU_T": 35.4, "IoU_P": 5.0, "IoU_precision": 0.095, "IoU_recall": 0.015431524548473416, "IoU_F1": 0.026156928610328246, "Mode_TP": 2.75, "Mode_T": 35.4, "Mode_P": 5.0, "Mode_precision": 0.55, "Mode_recall": 0.08541290663383687, "Mode_F1": 0.1458733617360736, "Mode_TP_C": 303.275, "Mode_recall_C": 0.13453712887833924, "Purity": 0.21872496762301846, "AMI": 0.13386128837183922, "ARand": 0.04721201700137172, "ModeProb_TP": 1.675, "ModeProb_T": 35.4, "ModeProb_P": 5.0, "ModeProb_precision": 0.3349999999999999, "ModeProb_recall": 0.052376244651358, "ModeProb_F1": 0.08953817025042579}, "10": {"IoU_TP": 1.325, "IoU_T": 35.3, "IoU_P": 10.0, "IoU_precision": 0.1325, "IoU_recall": 0.041957366565148806, "IoU_F1": 0.06242946816017904, "Mode_TP": 4.875, "Mode_T": 35.3, "Mode_P": 10.0, "Mode_precision": 0.4875000000000001, "Mode_recall": 0.1515421316864818, "Mode_F1": 0.22637323858897282, "Mode_TP_C": 316.125, "Mode_recall_C": 0.14769442064923474, "Purity": 0.25721264125623156, "AMI": 0.17012302312553204, "ARand": 0.06549342423757892, "ModeProb_TP": 3.15, "ModeProb_T": 35.3, "ModeProb_P": 10.0, "ModeProb_precision": 0.31500000000000006, "ModeProb_recall": 0.10369285656881504, "ModeProb_F1": 0.15282259384301194}, "20": {"IoU_TP": 2.475, "IoU_T": 35.65, "IoU_P": 19.95, "IoU_precision": 0.1242763157894737, "IoU_recall": 0.07636917842563132, "IoU_F1": 0.09232959520511735, "Mode_TP": 7.925, "Mode_T": 35.65, "Mode_P": 19.95, "Mode_precision": 0.3973026315789474, "Mode_recall": 0.24513578799279637, "Mode_F1": 0.29567747799119865, "Mode_TP_C": 323.575, "Mode_recall_C": 0.15337091127503819, "Purity": 0.30403216027445623, "AMI": 0.2085836471448163, "ARand": 0.09799013794561835, "ModeProb_TP": 4.45, "ModeProb_T": 35.65, "ModeProb_P": 19.975, "ModeProb_precision": 0.22302631578947368, "ModeProb_recall": 0.14136311505586485, "ModeProb_F1": 0.16873242068436337}, "30": {"IoU_TP": 3.1, "IoU_T": 35.975, "IoU_P": 30.0, "IoU_precision": 0.10333333333333336, "IoU_recall": 0.09557313857892923, "IoU_F1": 0.09712613645535259, "Mode_TP": 10.35, "Mode_T": 35.975, "Mode_P": 30.0, "Mode_precision": 0.3450000000000001, "Mode_recall": 0.31363850572487106, "Mode_F1": 0.3212186372844509, "Mode_TP_C": 293.75, "Mode_recall_C": 0.14796502801732325, "Purity": 0.32437625986337004, "AMI": 0.2191119497707658, "ARand": 0.08879433125468354, "ModeProb_TP": 6.125, "ModeProb_T": 35.975, "ModeProb_P": 30.0, "ModeProb_precision": 0.2041666666666667, "ModeProb_recall": 0.18623294259678375, "ModeProb_F1": 0.19088897420281795}, "40": {"IoU_TP": 3.05, "IoU_T": 35.9, "IoU_P": 39.925, "IoU_precision": 0.07629807692307691, "IoU_recall": 0.08693310507615686, "IoU_F1": 0.07963400382351357, "Mode_TP": 11.525, "Mode_T": 35.9, "Mode_P": 39.925, "Mode_precision": 0.28860576923076936, "Mode_recall": 0.34759591159692643, "Mode_F1": 0.3080748186100637, "Mode_TP_C": 308.45, "Mode_recall_C": 0.14681596904662525, "Purity": 0.3435252796731366, "AMI": 0.22606009991317105, "ARand": 0.09383606112929435, "ModeProb_TP": 6.325, "ModeProb_T": 35.9, "ModeProb_P": 40.0, "ModeProb_precision": 0.15812500000000002, "ModeProb_recall": 0.1885205269596024, "ModeProb_F1": 0.1685891917800008}, "50": {"IoU_TP": 3.025, "IoU_T": 36.425, "IoU_P": 49.825, "IoU_precision": 0.060755102040816356, "IoU_recall": 0.08425962076506481, "IoU_F1": 0.06940054828691741, "Mode_TP": 13.475, "Mode_T": 36.425, "Mode_P": 49.825, "Mode_precision": 0.27044897959183684, "Mode_recall": 0.39946728581359003, "Mode_F1": 0.31562707354279734, "Mode_TP_C": 316.075, "Mode_recall_C": 0.1491636433635004, "Purity": 0.36473960217947676, "AMI": 0.23114238116699742, "ARand": 0.1026681299357993, "ModeProb_TP": 6.425, "ModeProb_T": 36.425, "ModeProb_P": 49.95, "ModeProb_precision": 0.12861224489795917, "ModeProb_recall": 0.19247255305394448, "ModeProb_F1": 0.15126016148982407}, "60": {"IoU_TP": 3.5, "IoU_T": 36.75, "IoU_P": 59.625, "IoU_precision": 0.05866744593804794, "IoU_recall": 0.09721524893532626, "IoU_F1": 0.0717656530077858, "Mode_TP": 15.0, "Mode_T": 36.75, "Mode_P": 59.625, "Mode_precision": 0.2516104130138321, "Mode_recall": 0.43930642291643024, "Mode_F1": 0.3133350082853572, "Mode_TP_C": 315.275, "Mode_recall_C": 0.14810602505527373, "Purity": 0.3759533954721287, "AMI": 0.23432961029884208, "ARand": 0.10212193710274928, "ModeProb_TP": 7.15, "ModeProb_T": 36.75, "ModeProb_P": 60.0, "ModeProb_precision": 0.11916666666666664, "ModeProb_recall": 0.20724546351338363, "ModeProb_F1": 0.14854028615840173}, "70": {"IoU_TP": 3.25, "IoU_T": 36.225, "IoU_P": 69.5, "IoU_precision": 0.046795525478199054, "IoU_recall": 0.09166097028777481, "IoU_F1": 0.06069064177100088, "Mode_TP": 15.4, "Mode_T": 36.225, "Mode_P": 69.5, "Mode_precision": 0.2216240999969099, "Mode_recall": 0.4622802878301786, "Mode_F1": 0.29325615576267056, "Mode_TP_C": 313.55, "Mode_recall_C": 0.14729567006507896, "Purity": 0.3896317374240377, "AMI": 0.23652342561210324, "ARand": 0.10998671767237045, "ModeProb_TP": 7.075, "ModeProb_T": 36.225, "ModeProb_P": 69.975, "ModeProb_precision": 0.10108695652173916, "ModeProb_recall": 0.21154864955364944, "ModeProb_F1": 0.13421607772242758}, "80": {"IoU_TP": 3.8, "IoU_T": 36.875, "IoU_P": 79.35, "IoU_precision": 0.0479397422198055, "IoU_recall": 0.108991951835399, "IoU_F1": 0.06537724623784655, "Mode_TP": 16.475, "Mode_T": 36.875, "Mode_P": 79.35, "Mode_precision": 0.2075110266842862, "Mode_recall": 0.4797861542738156, "Mode_F1": 0.28434307652010565, "Mode_TP_C": 283.025, "Mode_recall_C": 0.1370591398242485, "Purity": 0.39191539540316567, "AMI": 0.23082798632562476, "ARand": 0.08782096970190655, "ModeProb_TP": 7.15, "ModeProb_T": 36.875, "ModeProb_P": 79.975, "ModeProb_precision": 0.08939477848101265, "ModeProb_recall": 0.20819533616434974, "ModeProb_F1": 0.12300661090458713}, "100": {"IoU_TP": 3.0, "IoU_T": 35.9, "IoU_P": 99.0, "IoU_precision": 0.030295257965729256, "IoU_recall": 0.0790774358209751, "IoU_F1": 0.043161195612859735, "Mode_TP": 18.575, "Mode_T": 35.9, "Mode_P": 99.0, "Mode_precision": 0.18762777363366465, "Mode_recall": 0.556366777645756, "Mode_F1": 0.27554956984006945, "Mode_TP_C": 292.025, "Mode_recall_C": 0.13043984042350165, "Purity": 0.40718308917091256, "AMI": 0.22415368236359626, "ARand": 0.08265692930383974, "ModeProb_TP": 7.275, "ModeProb_T": 35.9, "ModeProb_P": 99.875, "ModeProb_precision": 0.07283585858585859, "ModeProb_recall": 0.2116276987035958, "ModeProb_F1": 0.10678953392908601}}