{"5": {"IoU_TP": 0.275, "IoU_T": 40.275, "IoU_P": 5.0, "IoU_precision": 0.05499999999999999, "IoU_recall": 0.00849790603521361, "IoU_F1": 0.01456682196464663, "Mode_TP": 1.675, "Mode_T": 40.275, "Mode_P": 5.0, "Mode_precision": 0.33499999999999985, "Mode_recall": 0.04365232355063749, "Mode_F1": 0.0765399052100018, "Mode_TP_C": 126.0, "Mode_recall_C": 0.06690139259679553, "Purity": 0.18839316983349597, "AMI": 0.11169934161199864, "ARand": 0.03042337060745497, "ModeProb_TP": 1.525, "ModeProb_T": 40.275, "ModeProb_P": 5.0, "ModeProb_precision": 0.305, "ModeProb_recall": 0.0423485047413024, "ModeProb_F1": 0.07314604826737818}, "10": {"IoU_TP": 1.0, "IoU_T": 40.7, "IoU_P": 10.0, "IoU_precision": 0.10000000000000005, "IoU_recall": 0.022225426761367167, "IoU_F1": 0.03579139195136334, "Mode_TP": 4.0, "Mode_T": 40.7, "Mode_P": 10.0, "Mode_precision": 0.3999999999999999, "Mode_recall": 0.09910821458138255, "Mode_F1": 0.15528134784188233, "Mode_TP_C": 191.8, "Mode_recall_C": 0.09977268436980413, "Purity": 0.2297503692594948, "AMI": 0.15350282119786424, "ARand": 0.04999922091550661, "ModeProb_TP": 2.825, "ModeProb_T": 40.7, "ModeProb_P": 10.0, "ModeProb_precision": 0.2825000000000001, "ModeProb_recall": 0.0711040470674014, "ModeProb_F1": 0.11018642595416497}, "20": {"IoU_TP": 2.225, "IoU_T": 40.425, "IoU_P": 20.0, "IoU_precision": 0.11125, "IoU_recall": 0.0558126440476284, "IoU_F1": 0.07193173731632317, "Mode_TP": 7.225, "Mode_T": 40.425, "Mode_P": 20.0, "Mode_precision": 0.36125, "Mode_recall": 0.1823962329199037, "Mode_F1": 0.23584695719673182, "Mode_TP_C": 211.6, "Mode_recall_C": 0.1126839361244627, "Purity": 0.26233444339342427, "AMI": 0.17884250521283565, "ARand": 0.060616604061841606, "ModeProb_TP": 4.2, "ModeProb_T": 40.425, "ModeProb_P": 20.0, "ModeProb_precision": 0.21000000000000005, "ModeProb_recall": 0.10716938903852162, "ModeProb_F1": 0.13728313756702493}, "30": {"IoU_TP": 3.05, "IoU_T": 40.4, "IoU_P": 30.0, "IoU_precision": 0.10166666666666668, "IoU_recall": 0.0692447429518312, "IoU_F1": 0.07993539955916235, "Mode_TP": 9.925, "Mode_T": 40.4, "Mode_P": 30.0, "Mode_precision": 0.33083333333333337, "Mode_recall": 0.23859593166402027, "Mode_F1": 0.27001823739332187, "Mode_TP_C": 233.475, "Mode_recall_C": 0.11941719906529127, "Purity": 0.28245838816139063, "AMI": 0.1853092672903885, "ARand": 0.06068461268209706, "ModeProb_TP": 5.65, "ModeProb_T": 40.4, "ModeProb_P": 30.0, "ModeProb_precision": 0.18833333333333332, "ModeProb_recall": 0.13661852805875965, "ModeProb_F1": 0.15299235583028958}, "40": {"IoU_TP": 2.7, "IoU_T": 40.125, "IoU_P": 39.975, "IoU_precision": 0.06751602564102564, "IoU_recall": 0.060327759709519244, "IoU_F1": 0.06245073434437744, "Mode_TP": 11.525, "Mode_T": 40.125, "Mode_P": 39.975, "Mode_precision": 0.28836538461538463, "Mode_recall": 0.28217110140425455, "Mode_F1": 0.2776189144450343, "Mode_TP_C": 233.525, "Mode_recall_C": 0.1188032503222541, "Purity": 0.3029065960729635, "AMI": 0.1900010962393754, "ARand": 0.062418606711424005, "ModeProb_TP": 6.425, "ModeProb_T": 40.125, "ModeProb_P": 39.975, "ModeProb_precision": 0.16068910256410254, "ModeProb_recall": 0.15939815638619806, "ModeProb_F1": 0.15512411700194728}, "50": {"IoU_TP": 3.025, "IoU_T": 39.25, "IoU_P": 49.95, "IoU_precision": 0.06055102040816328, "IoU_recall": 0.06758712985018495, "IoU_F1": 0.06208076762867547, "Mode_TP": 12.675, "Mode_T": 39.25, "Mode_P": 49.95, "Mode_precision": 0.2538367346938776, "Mode_recall": 0.3182871025534364, "Mode_F1": 0.27467191758900195, "Mode_TP_C": 245.6, "Mode_recall_C": 0.12722096994236776, "Purity": 0.3195257036344419, "AMI": 0.19240730377755805, "ARand": 0.06405171350661278, "ModeProb_TP": 6.725, "ModeProb_T": 39.25, "ModeProb_P": 50.0, "ModeProb_precision": 0.13450000000000006, "ModeProb_recall": 0.1716193962230836, "ModeProb_F1": 0.1452162015706198}, "60": {"IoU_TP": 3.225, "IoU_T": 41.35, "IoU_P": 59.825, "IoU_precision": 0.053856175725696474, "IoU_recall": 0.07297833193538103, "IoU_F1": 0.06007032601506246, "Mode_TP": 15.575, "Mode_T": 41.35, "Mode_P": 59.825, "Mode_precision": 0.2602486362750828, "Mode_recall": 0.3721739158017737, "Mode_F1": 0.29754603017521086, "Mode_TP_C": 233.4, "Mode_recall_C": 0.12130516816692505, "Purity": 0.3194917292439544, "AMI": 0.18785013083273755, "ARand": 0.05801902442822354, "ModeProb_TP": 7.65, "ModeProb_T": 41.35, "ModeProb_P": 59.975, "ModeProb_precision": 0.12754237288135598, "ModeProb_recall": 0.17852621034918872, "ModeProb_F1": 0.143967947934904}, "70": {"IoU_TP": 3.325, "IoU_T": 40.625, "IoU_P": 69.9, "IoU_precision": 0.04755693581780538, "IoU_recall": 0.07624879221609196, "IoU_F1": 0.05676480554235106, "Mode_TP": 16.35, "Mode_T": 40.625, "Mode_P": 69.9, "Mode_precision": 0.23396480331262942, "Mode_recall": 0.4058532379739218, "Mode_F1": 0.28793216774105435, "Mode_TP_C": 228.125, "Mode_recall_C": 0.12051522952685452, "Purity": 0.3365961109791279, "AMI": 0.18885112035998908, "ARand": 0.05754158028192826, "ModeProb_TP": 7.25, "ModeProb_T": 40.625, "ModeProb_P": 70.0, "ModeProb_precision": 0.10357142857142858, "ModeProb_recall": 0.1752579268303344, "ModeProb_F1": 0.125573197579308}, "80": {"IoU_TP": 3.1, "IoU_T": 40.15, "IoU_P": 79.625, "IoU_precision": 0.03886481661798118, "IoU_recall": 0.07137596706473111, "IoU_F1": 0.04906431950958341, "Mode_TP": 18.075, "Mode_T": 40.15, "Mode_P": 79.625, "Mode_precision": 0.22674388111888105, "Mode_recall": 0.4522376256111258, "Mode_F1": 0.29394127601401376, "Mode_TP_C": 230.9, "Mode_recall_C": 0.1232053515193492, "Purity": 0.3456360125750811, "AMI": 0.18913473397338199, "ARand": 0.0562853577683405, "ModeProb_TP": 7.55, "ModeProb_T": 40.15, "ModeProb_P": 80.0, "ModeProb_precision": 0.094375, "ModeProb_recall": 0.1876199085600989, "ModeProb_F1": 0.12173196820557741}, "100": {"IoU_TP": 2.675, "IoU_T": 40.375, "IoU_P": 99.475, "IoU_precision": 0.026854211760461766, "IoU_recall": 0.05587958825517394, "IoU_F1": 0.03565410986976889, "Mode_TP": 19.85, "Mode_T": 40.375, "Mode_P": 99.475, "Mode_precision": 0.19935437280972995, "Mode_recall": 0.49338125866844756, "Mode_F1": 0.2766578458791524, "Mode_TP_C": 223.3, "Mode_recall_C": 0.11684154924860626, "Purity": 0.35857591359017926, "AMI": 0.18190318386338267, "ARand": 0.05248164517126068, "ModeProb_TP": 7.7, "ModeProb_T": 40.375, "ModeProb_P": 100.0, "ModeProb_precision": 0.07700000000000003, "ModeProb_recall": 0.18507643275605803, "ModeProb_F1": 0.10564495585247043}}