{"5": {"IoU_TP": 0.45, "IoU_T": 40.8, "IoU_P": 4.975, "IoU_precision": 0.09000000000000002, "IoU_recall": 0.01184352489222402, "IoU_F1": 0.02078068278302491, "Mode_TP": 1.975, "Mode_T": 40.8, "Mode_P": 4.975, "Mode_precision": 0.3974999999999999, "Mode_recall": 0.050836655668738594, "Mode_F1": 0.08924231179810227, "Mode_TP_C": 146.25, "Mode_recall_C": 0.07761839910415133, "Purity": 0.19334499789410078, "AMI": 0.11757598410160124, "ARand": 0.03043443176757383, "ModeProb_TP": 1.475, "ModeProb_T": 40.8, "ModeProb_P": 4.975, "ModeProb_precision": 0.2962499999999999, "ModeProb_recall": 0.04078584416272091, "ModeProb_F1": 0.07053912070775117}, "10": {"IoU_TP": 1.075, "IoU_T": 40.65, "IoU_P": 9.975, "IoU_precision": 0.10777777777777779, "IoU_recall": 0.027561242097561285, "IoU_F1": 0.04267828909746811, "Mode_TP": 3.9, "Mode_T": 40.65, "Mode_P": 9.975, "Mode_precision": 0.39138888888888884, "Mode_recall": 0.09797930692952225, "Mode_F1": 0.15300722000561562, "Mode_TP_C": 178.325, "Mode_recall_C": 0.09623140961621748, "Purity": 0.22640218079999846, "AMI": 0.15272332717543055, "ARand": 0.05007432340406733, "ModeProb_TP": 2.575, "ModeProb_T": 40.65, "ModeProb_P": 9.975, "ModeProb_precision": 0.25833333333333347, "ModeProb_recall": 0.06936622877282811, "ModeProb_F1": 0.10569616331681739}, "20": {"IoU_TP": 2.225, "IoU_T": 39.8, "IoU_P": 20.0, "IoU_precision": 0.11124999999999999, "IoU_recall": 0.052123077559483845, "IoU_F1": 0.06901337253164776, "Mode_TP": 7.025, "Mode_T": 39.8, "Mode_P": 20.0, "Mode_precision": 0.35124999999999995, "Mode_recall": 0.1780682492996868, "Mode_F1": 0.22995775215844994, "Mode_TP_C": 208.95, "Mode_recall_C": 0.11264611535603324, "Purity": 0.2623168796939941, "AMI": 0.17690111885529777, "ARand": 0.059154971203887394, "ModeProb_TP": 4.075, "ModeProb_T": 39.8, "ModeProb_P": 20.0, "ModeProb_precision": 0.20375000000000001, "ModeProb_recall": 0.10417375687187014, "ModeProb_F1": 0.13320300048328423}, "30": {"IoU_TP": 3.1, "IoU_T": 39.975, "IoU_P": 30.0, "IoU_precision": 0.10333333333333335, "IoU_recall": 0.06901181858628573, "IoU_F1": 0.0813349463608207, "Mode_TP": 9.85, "Mode_T": 39.975, "Mode_P": 30.0, "Mode_precision": 0.32833333333333325, "Mode_recall": 0.23735093351141354, "Mode_F1": 0.26858903112737964, "Mode_TP_C": 251.125, "Mode_recall_C": 0.1270447780780754, "Purity": 0.29521486062473956, "AMI": 0.19565252501710412, "ARand": 0.06955939892101479, "ModeProb_TP": 5.85, "ModeProb_T": 39.975, "ModeProb_P": 30.0, "ModeProb_precision": 0.1949999999999999, "ModeProb_recall": 0.14605585009691904, "ModeProb_F1": 0.1611334921639698}, "40": {"IoU_TP": 3.0, "IoU_T": 40.125, "IoU_P": 39.9, "IoU_precision": 0.07511217948717949, "IoU_recall": 0.06949085743372488, "IoU_F1": 0.06996636966698426, "Mode_TP": 11.7, "Mode_T": 40.125, "Mode_P": 39.9, "Mode_precision": 0.29296474358974367, "Mode_recall": 0.2887963222764781, "Mode_F1": 0.28315595555452516, "Mode_TP_C": 237.75, "Mode_recall_C": 0.12326942083984235, "Purity": 0.3043338094321898, "AMI": 0.1930366887049802, "ARand": 0.0629243456808972, "ModeProb_TP": 6.275, "ModeProb_T": 40.125, "ModeProb_P": 40.0, "ModeProb_precision": 0.15687500000000004, "ModeProb_recall": 0.15024153309355776, "ModeProb_F1": 0.1489124828515727}, "50": {"IoU_TP": 2.775, "IoU_T": 40.875, "IoU_P": 49.975, "IoU_precision": 0.05555102040816329, "IoU_recall": 0.05971374185876248, "IoU_F1": 0.05582651967701434, "Mode_TP": 13.175, "Mode_T": 40.875, "Mode_P": 49.975, "Mode_precision": 0.2637346938775511, "Mode_recall": 0.315040569958687, "Mode_F1": 0.2777979370144757, "Mode_TP_C": 229.85, "Mode_recall_C": 0.11977390405484398, "Purity": 0.31216568111461596, "AMI": 0.18791368954958446, "ARand": 0.061778672925783575, "ModeProb_TP": 6.575, "ModeProb_T": 40.875, "ModeProb_P": 50.0, "ModeProb_precision": 0.13150000000000003, "ModeProb_recall": 0.155542423202456, "ModeProb_F1": 0.137424656457304}, "60": {"IoU_TP": 3.2, "IoU_T": 40.475, "IoU_P": 59.8, "IoU_precision": 0.05357344632768363, "IoU_recall": 0.07154676986880625, "IoU_F1": 0.05918184181449617, "Mode_TP": 15.05, "Mode_T": 40.475, "Mode_P": 59.8, "Mode_precision": 0.251843220338983, "Mode_recall": 0.3658722785749342, "Mode_F1": 0.2899643511026138, "Mode_TP_C": 240.675, "Mode_recall_C": 0.12668094305172406, "Purity": 0.32591976473349216, "AMI": 0.1945516855226285, "ARand": 0.06438369629540888, "ModeProb_TP": 6.85, "ModeProb_T": 40.475, "ModeProb_P": 60.0, "ModeProb_precision": 0.11416666666666672, "ModeProb_recall": 0.16368257869103414, "ModeProb_F1": 0.12987828762726003}, "70": {"IoU_TP": 3.55, "IoU_T": 40.4, "IoU_P": 69.575, "IoU_precision": 0.05092194080747159, "IoU_recall": 0.07921026564807111, "IoU_F1": 0.06030156860627036, "Mode_TP": 16.05, "Mode_T": 40.4, "Mode_P": 69.575, "Mode_precision": 0.23063785475254353, "Mode_recall": 0.3977505279913137, "Mode_F1": 0.283188285056668, "Mode_TP_C": 231.0, "Mode_recall_C": 0.11969691443335054, "Purity": 0.3374244335255602, "AMI": 0.18896256797270927, "ARand": 0.057221303057336456, "ModeProb_TP": 7.525, "ModeProb_T": 40.4, "ModeProb_P": 69.95, "ModeProb_precision": 0.10753623188405795, "ModeProb_recall": 0.18642889184182793, "ModeProb_F1": 0.1314403015806548}, "80": {"IoU_TP": 3.425, "IoU_T": 40.6, "IoU_P": 79.8, "IoU_precision": 0.042899525316455696, "IoU_recall": 0.07437878761621154, "IoU_F1": 0.05337948563002577, "Mode_TP": 17.275, "Mode_T": 40.6, "Mode_P": 79.8, "Mode_precision": 0.21640822784810126, "Mode_recall": 0.42104389064170056, "Mode_F1": 0.27882625207632467, "Mode_TP_C": 232.525, "Mode_recall_C": 0.11809053876283651, "Purity": 0.3494843533782349, "AMI": 0.18785397852851038, "ARand": 0.05758950202849582, "ModeProb_TP": 8.05, "ModeProb_T": 40.6, "ModeProb_P": 79.975, "ModeProb_precision": 0.10064873417721518, "ModeProb_recall": 0.19219227037014527, "ModeProb_F1": 0.12867033297393649}, "100": {"IoU_TP": 3.575, "IoU_T": 40.35, "IoU_P": 99.45, "IoU_precision": 0.035881931560503, "IoU_recall": 0.08130767235960239, "IoU_F1": 0.04864364705431459, "Mode_TP": 19.775, "Mode_T": 40.35, "Mode_P": 99.45, "Mode_precision": 0.19869387755102044, "Mode_recall": 0.48641840191423336, "Mode_F1": 0.2752352610776502, "Mode_TP_C": 234.675, "Mode_recall_C": 0.12363765436252579, "Purity": 0.3678360104639195, "AMI": 0.19114534856586823, "ARand": 0.06008116065823908, "ModeProb_TP": 8.175, "ModeProb_T": 40.35, "ModeProb_P": 100.0, "ModeProb_precision": 0.08175000000000002, "ModeProb_recall": 0.19527780171637227, "ModeProb_F1": 0.1123428819048764}}