{"5": {"IoU_TP": 0.475, "IoU_T": 35.95, "IoU_P": 5.0, "IoU_precision": 0.09500000000000001, "IoU_recall": 0.01529905982509559, "IoU_F1": 0.02604164665779977, "Mode_TP": 2.425, "Mode_T": 35.95, "Mode_P": 5.0, "Mode_precision": 0.4849999999999999, "Mode_recall": 0.07326594588799265, "Mode_F1": 0.12577945572137958, "Mode_TP_C": 319.4, "Mode_recall_C": 0.13420774647948774, "Purity": 0.21731510980062393, "AMI": 0.127883777461096, "ARand": 0.03886341805824431, "ModeProb_TP": 1.825, "ModeProb_T": 35.95, "ModeProb_P": 5.0, "ModeProb_precision": 0.3649999999999999, "ModeProb_recall": 0.05802999863950327, "ModeProb_F1": 0.09909459591441694}, "10": {"IoU_TP": 1.35, "IoU_T": 36.675, "IoU_P": 9.975, "IoU_precision": 0.13527777777777777, "IoU_recall": 0.042270384304985295, "IoU_F1": 0.06307823573558959, "Mode_TP": 5.025, "Mode_T": 36.675, "Mode_P": 9.975, "Mode_precision": 0.5036111111111111, "Mode_recall": 0.1521201202385628, "Mode_F1": 0.22957191565988241, "Mode_TP_C": 352.75, "Mode_recall_C": 0.1667395573157734, "Purity": 0.2530777481501439, "AMI": 0.17817972989622716, "ARand": 0.07099347827770769, "ModeProb_TP": 3.275, "ModeProb_T": 36.675, "ModeProb_P": 9.975, "ModeProb_precision": 0.32833333333333325, "ModeProb_recall": 0.10326411373978062, "ModeProb_F1": 0.15436689581301927}, "20": {"IoU_TP": 2.075, "IoU_T": 36.0, "IoU_P": 19.9, "IoU_precision": 0.10440789473684212, "IoU_recall": 0.06662883591906651, "IoU_F1": 0.07944396374911607, "Mode_TP": 6.875, "Mode_T": 36.0, "Mode_P": 19.9, "Mode_precision": 0.3458552631578947, "Mode_recall": 0.21311284317454016, "Mode_F1": 0.2576206478111761, "Mode_TP_C": 315.325, "Mode_recall_C": 0.15173592033147926, "Purity": 0.2961010269794393, "AMI": 0.20701723442605968, "ARand": 0.1012276850893026, "ModeProb_TP": 4.6, "ModeProb_T": 36.0, "ModeProb_P": 19.975, "ModeProb_precision": 0.23013157894736844, "ModeProb_recall": 0.1452559160786411, "ModeProb_F1": 0.1739443142150757}, "30": {"IoU_TP": 2.7, "IoU_T": 35.575, "IoU_P": 29.9, "IoU_precision": 0.09032430213464701, "IoU_recall": 0.08364140455830513, "IoU_F1": 0.08506200590365118, "Mode_TP": 9.85, "Mode_T": 35.575, "Mode_P": 29.9, "Mode_precision": 0.3293616584564862, "Mode_recall": 0.3069086022103146, "Mode_F1": 0.3105743005372253, "Mode_TP_C": 309.075, "Mode_recall_C": 0.15293085270712076, "Purity": 0.32206947077519343, "AMI": 0.21772932342451928, "ARand": 0.09500912623556382, "ModeProb_TP": 5.925, "ModeProb_T": 35.575, "ModeProb_P": 30.0, "ModeProb_precision": 0.19750000000000004, "ModeProb_recall": 0.18586534730750195, "ModeProb_F1": 0.18752665033196553}, "40": {"IoU_TP": 3.15, "IoU_T": 36.2, "IoU_P": 39.9, "IoU_precision": 0.07897435897435898, "IoU_recall": 0.0911730561675008, "IoU_F1": 0.08260361124132451, "Mode_TP": 11.6, "Mode_T": 36.2, "Mode_P": 39.9, "Mode_precision": 0.2908012820512821, "Mode_recall": 0.35010552349282265, "Mode_F1": 0.30985003128472716, "Mode_TP_C": 335.975, "Mode_recall_C": 0.15773090345103832, "Purity": 0.34946024623758887, "AMI": 0.23361799171590278, "ARand": 0.10945866867900866, "ModeProb_TP": 6.125, "ModeProb_T": 36.2, "ModeProb_P": 39.975, "ModeProb_precision": 0.15320512820512822, "ModeProb_recall": 0.18708715620239416, "ModeProb_F1": 0.164516891324195}, "50": {"IoU_TP": 2.875, "IoU_T": 36.075, "IoU_P": 49.825, "IoU_precision": 0.05766411564625853, "IoU_recall": 0.08625029791844713, "IoU_F1": 0.06761085373119041, "Mode_TP": 12.975, "Mode_T": 36.075, "Mode_P": 49.825, "Mode_precision": 0.26045408163265316, "Mode_recall": 0.38660392168433194, "Mode_F1": 0.3040790656704942, "Mode_TP_C": 319.475, "Mode_recall_C": 0.15215601553209318, "Purity": 0.3603613810046395, "AMI": 0.23161146272717587, "ARand": 0.10712218684167815, "ModeProb_TP": 6.8, "ModeProb_T": 36.075, "ModeProb_P": 49.95, "ModeProb_precision": 0.1361632653061224, "ModeProb_recall": 0.20670673071596107, "ModeProb_F1": 0.16088236642323428}, "60": {"IoU_TP": 3.3, "IoU_T": 36.0, "IoU_P": 59.675, "IoU_precision": 0.055290522111825446, "IoU_recall": 0.09636790424521043, "IoU_F1": 0.06891546902327332, "Mode_TP": 13.875, "Mode_T": 36.0, "Mode_P": 59.675, "Mode_precision": 0.2324471556594585, "Mode_recall": 0.4182258892928138, "Mode_F1": 0.29248714023813294, "Mode_TP_C": 315.875, "Mode_recall_C": 0.15061719879614172, "Purity": 0.37693954121108886, "AMI": 0.23369072286007014, "ARand": 0.10817121647098446, "ModeProb_TP": 6.6, "ModeProb_T": 36.0, "ModeProb_P": 59.975, "ModeProb_precision": 0.11003531073446327, "ModeProb_recall": 0.20168861473244348, "ModeProb_F1": 0.1396189683486244}, "70": {"IoU_TP": 2.575, "IoU_T": 35.575, "IoU_P": 69.6, "IoU_precision": 0.03697372427231761, "IoU_recall": 0.0739749990334289, "IoU_F1": 0.048455765683263506, "Mode_TP": 14.925, "Mode_T": 35.575, "Mode_P": 69.6, "Mode_precision": 0.21437659846547313, "Mode_recall": 0.4487004686951936, "Mode_F1": 0.28386024190413794, "Mode_TP_C": 310.8, "Mode_recall_C": 0.14191310093185197, "Purity": 0.38285285886051745, "AMI": 0.22754071134121703, "ARand": 0.09859453097279967, "ModeProb_TP": 6.475, "ModeProb_T": 35.575, "ModeProb_P": 69.975, "ModeProb_precision": 0.09253105590062112, "ModeProb_recall": 0.19898993594750525, "ModeProb_F1": 0.12413705872517866}, "80": {"IoU_TP": 3.175, "IoU_T": 36.15, "IoU_P": 79.475, "IoU_precision": 0.0399863324467755, "IoU_recall": 0.09284462888061926, "IoU_F1": 0.05498717514424847, "Mode_TP": 16.125, "Mode_T": 36.15, "Mode_P": 79.475, "Mode_precision": 0.20290474282958462, "Mode_recall": 0.4700549556573151, "Mode_F1": 0.27839204880032586, "Mode_TP_C": 330.525, "Mode_recall_C": 0.147434707673874, "Purity": 0.39663334081603335, "AMI": 0.23499761746160813, "ARand": 0.11034547539894021, "ModeProb_TP": 7.0, "ModeProb_T": 36.15, "ModeProb_P": 80.0, "ModeProb_precision": 0.08750000000000001, "ModeProb_recall": 0.21279487072685352, "ModeProb_F1": 0.12204331546600582}, "100": {"IoU_TP": 2.9, "IoU_T": 35.875, "IoU_P": 98.875, "IoU_precision": 0.029392948718673824, "IoU_recall": 0.08048377048949676, "IoU_F1": 0.04252788200075259, "Mode_TP": 17.0, "Mode_T": 35.875, "Mode_P": 98.875, "Mode_precision": 0.17195343533181734, "Mode_recall": 0.499456726260375, "Mode_F1": 0.2515763250050529, "Mode_TP_C": 292.425, "Mode_recall_C": 0.13135255522056635, "Purity": 0.4049004379353093, "AMI": 0.22411722564718578, "ARand": 0.09743639142594016, "ModeProb_TP": 6.975, "ModeProb_T": 35.875, "ModeProb_P": 99.925, "ModeProb_precision": 0.06980555555555554, "ModeProb_recall": 0.20806374339348005, "ModeProb_F1": 0.10302189406487712}}